speed,steering_angle,pose,velocity,torque,noisy_speed,cones_hit,time
0.0,0.0,[-2.  0.  0.],[0. 0. 0.],0.0,-0.13714525142526482,0,0.0
4.320620876316727,0.37035657887194223,[-1.99624728  0.          0.        ],[0.33774496 0.         0.        ],116.4,-0.10880891133467302,0,0.011111111111111112
4.320620876316727,0.37035657887194223,[-1.99187556e+00  1.48267433e-07  1.84408790e-07],[3.93454362e-01 1.33440690e-05 1.65967911e-05],19.199617165106353,0.45629748439607043,0,0.022222222222222223
4.320620876316727,0.37035657887194223,[-1.99125657e+00  2.08043184e-07  2.58613379e-07],[5.57093984e-02 5.37981756e-06 6.67841304e-06],-116.4,-0.002580501246028259,0,0.03333333333333333
4.5186715507433455,0.7404686601948414,[-1.98688485e+00  1.00704959e-06  1.25097773e-06],[3.93454356e-01 7.19105770e-05 8.93127919e-05],116.4,0.39435175232435693,0,0.044444444444444446
4.5186715507433455,0.7404686601948414,[-1.98626586e+00  1.20697096e-06  1.49866841e-06],[5.57093958e-02 1.79929229e-05 2.22921608e-05],-116.4,0.044626162181570464,0,0.05555555555555555
4.5186715507433455,0.7404686601948414,[-1.98189415e+00  3.41977562e-06  4.24271287e-06],[3.93454312e-01 1.99152419e-04 2.46964002e-04],116.4,0.513979796074342,0,0.06666666666666667
4.422743454559293,0.32103542329211726,[-1.98127515e+00  3.86982449e-06  4.79919833e-06],[5.57093840e-02 4.05043979e-05 5.00836912e-05],-116.4,0.034771180287112784,0,0.07777777777777778
4.422743454559293,0.32103542329211726,[-1.97690344e+00  7.95709408e-06  9.85667720e-06],[3.93454191e-01 3.67854263e-04 4.55173098e-04],116.4,0.15595392386829926,0,0.08888888888888889
4.422743454559293,0.32103542329211726,[-1.97431936e+00  1.08917927e-05  1.34750528e-05],[0.23256716 0.00026412 0.00032565],-55.44791187862226,0.48890288719208014,0,0.1
4.379052511032363,0.5151567151539993,[-1.97548800e+00  9.34586657e-06  1.15718809e-05],[-0.10517756 -0.00013913 -0.00017129],-116.4,-0.28943483888450905,0,0.1111111111111111
4.379052511032363,0.5151567151539993,[-1.97290392e+00  1.32472840e-05  1.63871080e-05],[0.23256704 0.00035113 0.00043337],116.4,0.2545532270330023,0,0.12222222222222222
4.379052511032363,0.5151567151539993,[-1.97407256e+00  1.12537802e-05  1.39314906e-05],[-0.1051775  -0.00017942 -0.00022101],-116.4,-0.10832830761968715,0,0.13333333333333333
4.4404871922702265,-0.002375068715367551,[-1.97148848e+00  1.61491864e-05  1.99754154e-05],[0.23256689 0.00044059 0.00054395],116.4,0.23315746437118332,0,0.14444444444444443
4.4404871922702265,-0.002375068715367551,[-1.97265712e+00  1.37629905e-05  1.70365997e-05],[-0.10517744 -0.00021476 -0.00026449],-116.4,-0.15951875613732244,0,0.15555555555555556
4.4404871922702265,-0.002375068715367551,[-1.97007305e+00  1.92832334e-05  2.38476904e-05],[0.23256678 0.00049682 0.000613  ],116.4,0.5089853896435488,0,0.16666666666666666
4.424093485314356,0.33795699829637454,[-1.97124169e+00  1.67102294e-05  2.06821590e-05],[-0.1051774  -0.00023157 -0.0002849 ],-116.4,-0.22484803306622952,0,0.17777777777777778
4.424093485314356,0.33795699829637454,[-1.96865761e+00  2.25364804e-05  2.78621330e-05],[0.23256672 0.00052436 0.0006462 ],116.4,0.0975606356477712,0,0.18888888888888888
4.424093485314356,0.33795699829637454,[-1.96982625e+00  1.98308550e-05  2.45374878e-05],[-0.10517737 -0.00024351 -0.00029922],-116.4,-0.154156119482741,0,0.2
4.45240889571658,-0.5814383740990355,[-1.96724217e+00  2.59350150e-05  3.20507224e-05],[0.23256666 0.00054937 0.00067619],116.4,0.2443148859258092,0,0.2111111111111111
4.45240889571658,-0.5814383740990355,[-1.96841081e+00  2.32088550e-05  2.87066251e-05],[-0.10517737 -0.00024535 -0.00030097],-116.4,-0.31135826910159237,0,0.2222222222222222
4.45240889571658,-0.5814383740990355,[-1.96582674e+00  2.89412688e-05  3.57440979e-05],[0.23256674 0.00051592 0.00063337],116.4,0.2909795519055843,0,0.23333333333333334
4.473598754934591,0.01102312108437639,[-1.96699537e+00  2.65427814e-05  3.28129144e-05],[-0.10517743 -0.00021586 -0.00026381],-116.4,-0.2544900623361811,0,0.24444444444444444
4.473598754934591,0.01102312108437639,[-1.96441130e+00  3.14002836e-05  3.87490116e-05],[0.2325669  0.00043718 0.00053425],116.4,0.009130928227157942,0,0.25555555555555554
4.473598754934591,0.01102312108437639,[-1.96557994e+00  2.93892242e-05  3.63040624e-05],[-0.1051775  -0.000181   -0.00022005],-116.4,-0.07957541236519806,0,0.26666666666666666
4.4552656014385175,0.3111333312528318,[-1.96355653e+00  3.25447920e-05  4.01374608e-05],[0.18210701 0.000284   0.00034501],99.00950202173134,-0.0003147959641136844,0,0.2777777777777778
4.4552656014385175,0.3111333312528318,[-1.96217103e+00  3.45383574e-05  4.25478076e-05],[0.12469489 0.00017942 0.00021693],-19.786473841776655,-0.08885393155170554,0,0.28888888888888886
4.4552656014385175,0.3111333312528318,[-1.95710377e+00  4.13669114e-05  5.07727203e-05],[0.45605336 0.00061457 0.00074024],114.19906450979448,0.6286809867885288,0,0.3
5.248380318137678,0.5177085538818812,[-1.94865066e+00  5.22666432e-05  6.37955427e-05],[0.76077965 0.00098098 0.00117205],105.02056378758635,0.540005908756247,0,0.3111111111111111
5.248380318137678,0.5177085538818812,[-1.93644483e+00  6.78789246e-05  8.22449547e-05],[1.09852435 0.00140511 0.00166045],116.4,1.1328983435558992,0,0.32222222222222224
5.248380318137678,0.5177085538818812,[-1.92799173e+00  7.89619749e-05  9.51648939e-05],[0.76077963 0.00099747 0.00116279],-116.4,0.3793905441516548,0,0.3333333333333333
4.397273836748166,-0.05129593295545931,[-1.92074155e+00  8.88875729e-05  1.06651789e-04],[0.65251568 0.0008933  0.00103382],-37.31196648417089,0.6872326103917556,0,0.34444444444444444
4.397273836748166,-0.05129593295545931,[-1.91724410e+00  9.37827487e-05  1.12276268e-04],[0.31477102 0.00044057 0.0005062 ],-116.4,0.5333997344119787,0,0.35555555555555557
4.397273836748166,-0.05129593295545931,[-1.90999392e+00  1.03948466e-04  1.23907513e-04],[0.65251565 0.00091491 0.00104681],116.4,0.34763760938444943,0,0.36666666666666664
4.486464229162628,0.182694019481935,[-1.89899103e+00  1.19260871e-04  1.41256771e-04],[0.9902603  0.00137812 0.00156143],116.4,0.6690270601361443,0,0.37777777777777777
4.486464229162628,0.182694019481935,[-1.89174086e+00  1.29356166e-04  1.52539096e-04],[0.65251566 0.00090858 0.00101541],-116.4,0.3815882408011307,0,0.3888888888888889
4.486464229162628,0.182694019481935,[-1.88073796e+00  1.44672009e-04  1.69500809e-04],[0.9902603  0.00137843 0.00152655],116.4,1.085009781787202,0,0.4
4.519094726674332,-0.14012260531888518,[-1.87348779e+00  1.54833293e-04  1.80610519e-04],[0.65251565 0.00091452 0.00099987],-116.4,0.927486138135919,0,0.4111111111111111
4.519094726674332,-0.14012260531888518,[-1.86248490e+00  1.70010685e-04  1.97015877e-04],[0.99026031 0.00136597 0.00147648],116.4,1.0324842204923634,0,0.4222222222222222
4.519094726674332,-0.14012260531888518,[-1.85302422e+00  1.82696770e-04  2.10476050e-04],[0.85146098 0.00114175 0.00121142],-47.83568834130279,0.40130026724459367,0,0.43333333333333335
4.366554592476187,-0.29555747428432105,[-1.83981082e+00  1.99631922e-04  2.28080259e-04],[1.18920574 0.00152416 0.00158438],116.4,1.1317696614211556,0,0.4444444444444444
4.366554592476187,-0.29555747428432105,[-1.83035014e+00  2.10965014e-04  2.39492107e-04],[0.85146114 0.00101998 0.00102707],-116.4,0.7577608003685422,0,0.45555555555555555
4.366554592476187,-0.29555747428432105,[-1.81713674e+00  2.25297549e-04  2.53382432e-04],[1.18920601 0.00128993 0.00125013],116.4,1.299600654393642,0,0.4666666666666667
4.623345487391717,1.0584755552407732,[-1.80767606e+00  2.34337397e-04  2.61644315e-04],[8.51461359e-01 8.13586375e-04 7.43569462e-04],-116.4,1.1128946816888294,0,0.4777777777777778
4.623345487391717,1.0584755552407732,[-1.79446266e+00  2.46633826e-04  2.72638161e-04],[1.18920620e+00 1.10667861e-03 9.89446136e-04],116.4,1.106477389790939,0,0.4888888888888889
4.623345487391717,1.0584755552407732,[-1.77993057e+00  2.61203357e-04  2.85831359e-04],[1.30788784e+00 1.31125777e-03 1.18738779e-03],40.90234173600122,1.390426348556506,0,0.5
4.479986696846447,-0.7053057917542735,[-1.76915121e+00  2.73668649e-04  2.97503044e-04],[0.97014289 0.00112188 0.00105045],-116.4,0.7863769787531887,0,0.5111111111111111
4.479986696846447,-0.7053057917542735,[-1.75461912e+00  2.91304169e-04  3.14060174e-04],[1.30788754 0.0015872  0.00149014],116.4,1.0434827847483097,0,0.5222222222222223
4.479986696846447,-0.7053057917542735,[-1.74383976e+00  3.04173445e-04  3.25855857e-04],[0.97014284 0.00115823 0.00106161],-116.4,0.9468816640778065,0,0.5333333333333333
4.391790351553272,-0.06828577020564115,[-1.73170364e+00  3.17524660e-04  3.37542939e-04],[1.09225057e+00 1.20160932e-03 1.05183737e-03],42.083042797386014,1.23276853173319,0,0.5444444444444444
4.391790351553272,-0.06828577020564115,[-1.72332024e+00  3.25963731e-04  3.44519567e-04],[7.54505884e-01 7.59516404e-04 6.27896535e-04],-116.4,0.7763637031134875,0,0.5555555555555556
4.391790351553272,-0.06828577020564115,[-1.71118412e+00  3.37007336e-04  3.53054823e-04],[1.09225078e+00 9.93924490e-04 7.68173073e-04],116.4,1.3869104290511154,0,0.5666666666666667
4.453766805636743,-0.38376333411493313,[-1.70280072e+00  3.43859617e-04  3.57896126e-04],[7.54506014e-01 6.16705262e-04 4.35717296e-04],-116.4,0.8313233534518698,0,0.5777777777777777
4.453766805636743,-0.38376333411493313,[-1.69066460e+00  3.52299592e-04  3.62991185e-04],[1.09225097e+00 7.59597721e-04 4.58555240e-04],116.4,0.9852513112275229,0,0.5888888888888889
4.453766805636743,-0.38376333411493313,[-1.68129737e+00  3.57483115e-04  3.65209178e-04],[8.43051039e-01 4.66517103e-04 1.99619390e-04],-85.88399637592923,0.9233518839913457,0,0.6
4.466464881824203,0.16813844572366327,[-1.66883678e+00  3.62376143e-04  3.65634925e-04],[1.12145277e+00 4.40372512e-04 3.83172555e-05],95.94800775780563,0.9020255798428256,0,0.6111111111111112
4.466464881824203,0.16813844572366327,[-1.65462632e+00  3.66201219e-04  3.63930024e-04],[ 1.27894165e+00  3.44256818e-04 -1.53441079e-04],54.27675609948001,1.0555702980349229,0,0.6222222222222222
4.466464881824203,0.16813844572366327,[-1.64316488e+00  3.68243734e-04  3.61282505e-04],[ 1.03152917e+00  1.83826354e-04 -2.38276756e-04],-85.2679368666542,1.014007361603668,0,0.6333333333333333
4.455072071934525,-0.053646620662415885,[-1.62974714e+00  3.69812353e-04  3.57204254e-04],[ 1.20759650e+00  1.41175746e-04 -3.67042585e-04],60.67962264285195,1.1764212994794554,0,0.6444444444444445
4.455072071934525,-0.053646620662415885,[-1.61932695e+00  3.70444369e-04  3.53360889e-04],[ 9.37817914e-01  5.68814645e-05 -3.45902851e-04],-92.97615653832554,0.8445365353401231,0,0.6555555555555556
4.455072071934525,-0.053646620662415885,[-1.60515402e+00  3.70596852e-04  3.47321607e-04],[ 1.27556288e+00  1.37234339e-05 -5.43535370e-04],116.4,1.171618651514422,0,0.6666666666666666
4.322558367949138,0.6220206251485948,[-1.59473383e+00  3.70226107e-04  3.42359130e-04],[ 9.37817915e-01 -3.33670931e-05 -4.46622899e-04],-116.4,1.073046147917904,0,0.6777777777777778
4.322558367949138,0.6220206251485948,[-1.58065264e+00  3.70034623e-04  3.36125034e-04],[ 1.26730699e+00 -1.72335014e-05 -5.61068648e-04],113.55469877628926,1.355232247269735,0,0.6888888888888889
4.322558367949138,0.6220206251485948,[-1.57032417e+00  3.70697557e-04  3.32631663e-04],[ 9.29562019e-01  5.96640007e-05 -3.14403416e-04],-116.4,0.8484277835862536,0,0.7
4.28561703784906,0.13307510023972952,[-1.55624298e+00  3.73407550e-04  3.30176664e-04],[ 1.26730696e+00  2.43899395e-04 -2.20949899e-04],116.4,1.5815736882119442,0,0.7111111111111111
4.28561703784906,0.13307510023972952,[-1.54591451e+00  3.76673698e-04  3.29997475e-04],[ 9.29561975e-01  2.93953324e-04 -1.61270108e-05],-116.4,0.8990526520873253,0,0.7222222222222222
4.28561703784906,0.13307510023972952,[-1.53183333e+00  3.82814669e-04  3.31855917e-04],[1.26730686e+00 5.52687438e-04 1.67259753e-04],116.4,1.210260281316125,0,0.7333333333333333
4.371471059440387,-0.23127007943298913,[-1.52150486e+00  3.88509804e-04  3.34676228e-04],[9.29561880e-01 5.12562142e-04 2.53827987e-04],-116.4,0.8899859422647189,0,0.7444444444444445
4.371471059440387,-0.23127007943298913,[-1.50742368e+00  3.97343424e-04  3.39801731e-04],[1.26730674e+00 7.95025807e-04 4.61295290e-04],116.4,1.3716628237646513,0,0.7555555555555555
4.371471059440387,-0.23127007943298913,[-1.49709521e+00  4.04266925e-04  3.44047759e-04],[9.29561812e-01 6.23115065e-04 3.82142525e-04],-116.4,0.8701177139300337,0,0.7666666666666667
4.298502451073135,-0.39429675639398193,[-1.48301403e+00  4.13869503e-04  3.49965531e-04],[1.26730669e+00 8.64232036e-04 5.32599475e-04],116.4,0.9624243435448414,0,0.7777777777777778
4.298502451073135,-0.39429675639398193,[-1.47010726e+00  4.22312876e-04  3.54849083e-04],[1.16160888e+00 7.59903538e-04 4.39519698e-04],-36.427574861608655,0.9154555925439561,0,0.7888888888888889
4.298502451073135,-0.39429675639398193,[-1.45479852e+00  4.31356419e-04  3.59340604e-04],[1.37778665e+00 8.13918863e-04 4.04236852e-04],74.50323047224148,1.4569884571418479,0,0.8
4.373270689395327,0.43682950512924007,[-1.44324250e+00  4.37112837e-04  3.61335431e-04],[1.04004180e+00 5.18077675e-04 1.79534465e-04],-116.4,1.4360961738693954,0,0.8111111111111111
4.373270689395327,0.43682950512924007,[-1.43007610e+00  4.43112504e-04  3.62880400e-04],[1.18497639e+00 5.39969979e-04 1.39047154e-04],49.95007474249161,1.1679810323516011,0,0.8222222222222222
4.373270689395327,0.43682950512924007,[-1.41315697e+00  4.50865209e-04  3.64886687e-04],[1.52272132e+00 6.97743446e-04 1.80565899e-04],116.4,1.8976192597148318,0,0.8333333333333334
4.5803758633479505,0.009713693886542113,[-1.39999057e+00  4.57448303e-04  3.67099144e-04],[1.18497637e+00 5.92478501e-04 1.99121124e-04],-116.4,1.1607546146415495,0,0.8444444444444444
4.5803758633479505,0.009713693886542113,[-1.38307144e+00  4.66508230e-04  3.70642523e-04],[1.52272126e+00 8.15393405e-04 3.18904114e-04],116.4,1.4551721538276732,0,0.8555555555555555
4.5803758633479505,0.009713693886542113,[-1.36990504e+00  4.73965609e-04  3.73848122e-04],[1.18497633e+00 6.71164135e-04 2.88503926e-04],-116.4,1.0449914351321592,0,0.8666666666666667
4.196115872066625,0.2613931128220372,[-1.35492749e+00  4.82826455e-04  3.77904658e-04],[1.34797965e+00 7.97476085e-04 3.65088190e-04],56.17727544337537,1.5307075508103754,0,0.8777777777777778
4.196115872066625,0.2613931128220372,[-1.34370266e+00  4.89964285e-04  3.81506474e-04],[1.01023471e+00 6.42404740e-04 3.24163479e-04],-116.4,0.9400562686423123,0,0.8888888888888888
4.196115872066625,0.2613931128220372,[-1.32872510e+00  5.00371011e-04  3.87343048e-04],[1.34797956e+00 9.36605336e-04 5.25291633e-04],116.4,1.3605389291001169,0,0.9
4.321109724168503,0.0689450944866946,[-1.31750028e+00  5.08994244e-04  3.92660577e-04],[1.01023462e+00 7.76090984e-04 4.78577612e-04],-116.4,0.9117999242808574,0,0.9111111111111111
4.321109724168503,0.0689450944866946,[-1.30252273e+00  5.21473127e-04  4.00866629e-04],[1.34797941e+00 1.12309942e-03 7.38544642e-04],116.4,1.5268276015745474,0,0.9222222222222223
4.321109724168503,0.0689450944866946,[-1.29129790e+00  5.31503021e-04  4.07744902e-04],[1.01023451e+00 9.02690505e-04 6.19044594e-04],-116.4,1.0490663204787347,0,0.9333333333333333
4.266839850606328,0.03747980336378583,[-1.27632035e+00  5.45666230e-04  4.17764850e-04],[1.34797928e+00 1.27468877e-03 9.01795360e-04],116.4,1.2670910094739523,0,0.9444444444444444
4.266839850606328,0.03747980336378583,[-1.26509552e+00  5.56795834e-04  4.25774981e-04],[1.01023442e+00 1.00166440e-03 7.20911791e-04],-116.4,1.2069822109726862,0,0.9555555555555556
4.266839850606328,0.03747980336378583,[-1.25120672e+00  5.71059861e-04  4.36161007e-04],[1.24999241e+00 1.28376245e-03 9.34742329e-04],82.62994924852757,1.1010399815883851,0,0.9666666666666667
4.222397392126573,0.16719734173597728,[-1.23459185e+00  5.88628892e-04  4.48999412e-04],[1.49533847e+00 1.58121275e-03 1.15545641e-03],84.55581858394977,1.729983792964076,0,0.9777777777777777
4.222397392126573,0.16719734173597728,[-1.22172970e+00  6.02720322e-04  4.59342913e-04],[1.15759365e+00 1.26822870e-03 9.30915123e-04],-116.4,1.1394548825811308,0,0.9888888888888889
4.222397392126573,0.16719734173597728,[-1.20511483e+00  6.21585535e-04  4.73314404e-04],[1.49533835e+00 1.69786920e-03 1.25743422e-03],116.4,1.451492852642394,0,1.0
4.331054032293735,0.4763590971117611,[-1.19225268e+00  6.36791167e-04  4.84654727e-04],[1.15759354e+00 1.36850690e-03 1.02062906e-03],-116.4,1.3713222088040085,0,1.011111111111111
4.331054032293735,0.4763590971117611,[-1.17622893e+00  6.56933784e-04  5.00048259e-04],[1.44213720e+00 1.81283550e-03 1.38541781e-03],98.06488433599193,1.2653732014825967,0,1.0222222222222221
4.331054032293735,0.4763590971117611,[-1.15645247e+00  6.83858251e-04  5.21236020e-04],[1.77988165 0.0024232  0.0019069 ],116.4,1.9252926625545657,0,1.0333333333333334
4.435574962493612,0.385724797564879,[-1.14042872e+00  7.07771490e-04  5.40590242e-04],[1.44213673 0.00215219 0.00174188],-116.4,1.7221748055086685,0,1.0444444444444445
4.435574962493612,0.385724797564879,[-1.12065227e+00  7.39999116e-04  5.67376638e-04],[1.77988094 0.00290049 0.00241078],116.4,1.971045501561509,0,1.0555555555555556
4.435574962493612,0.385724797564879,[-1.10462854e+00  7.68519183e-04  5.91541075e-04],[1.44213605 0.00256681 0.0021748 ],-116.4,1.5087088560749442,0,1.0666666666666667
4.220481108739067,-0.2011835624350864,[-1.08485209e+00  8.06705163e-04  6.24484982e-04],[1.77987998 0.00343674 0.00296495],116.4,1.4972405796336719,0,1.0777777777777777
4.220481108739067,-0.2011835624350864,[-1.06373087e+00  8.49757865e-04  6.61627086e-04],[1.90090983 0.00387474 0.00334279],41.71179281878882,1.8089493371085834,0,1.0888888888888888
4.220481108739067,-0.2011835624350864,[-1.04636237e+00  8.86310655e-04  6.92797289e-04],[1.56316536 0.00328975 0.00280532],-116.4,1.5366455012284805,0,1.1
4.282636680127171,0.3945055291488344,[-1.02524115e+00  9.31205880e-04  7.30436504e-04],[1.90090949 0.00404057 0.00338753],116.4,1.6884752074864837,0,1.1111111111111112
4.282636680127171,0.3945055291488344,[-1.00697355e+00  9.70926446e-04  7.63243400e-04],[1.64408374 0.00357485 0.00295262],-88.5122452865177,1.3971654062532022,0,1.1222222222222222
4.282636680127171,0.3945055291488344,[-9.84953246e-01  1.02017096e-03  8.03587982e-04],[1.98182763 0.00443201 0.00363101],116.4,1.8580861469189585,0,1.1333333333333333
5.157712141180326,-0.13284126761836162,[-9.59180232e-01  1.07998614e-03  8.52224232e-04],[2.3195713  0.00538337 0.00437726],116.4,2.2120295839766513,0,1.1444444444444444
5.157712141180326,-0.13284126761836162,[-9.37159932e-01  1.13234364e-03  8.94003623e-04],[1.98182698 0.00471218 0.00376015],-116.4,1.571529103107438,0,1.1555555555555554
5.157712141180326,-0.13284126761836162,[-0.91138692  0.00119412  0.00094218],[2.31957089 0.00555977 0.00433582],116.4,2.2373124053655027,0,1.1666666666666667
4.44743822752158,0.06477344131592366,[-0.88936662  0.00124689  0.00098201],[1.9818269  0.00474942 0.00358473],-116.4,2.082774771227334,0,1.1777777777777778
4.44743822752158,0.06477344131592366,[-0.86359361  0.00130834  0.00102696],[2.31957096 0.00553027 0.00404523],116.4,2.230803893906124,0,1.1888888888888889
4.44743822752158,0.06477344131592366,[-0.84068487  0.00136274  0.00106535],[2.06178669 0.00489583 0.00345573],-88.84271638721113,2.1236445529173054,0,1.2
4.476740772602064,-0.035902199314866386,[-0.81402342  0.00142558  0.00110818],[2.3995308  0.00565553 0.00385463],116.4,2.0708305984134427,0,1.211111111111111
4.476740772602064,-0.035902199314866386,[-0.78503881  0.00149322  0.00115237],[2.60861452 0.0060883  0.00397689],72.05850432068863,2.455546855772215,0,1.2222222222222223
4.476740772602064,-0.035902199314866386,[-0.75980692  0.00155137  0.00118853],[2.27087063 0.00523354 0.00325449],-116.4,2.2408698331925874,0,1.2333333333333334
5.175502968737474,1.305065455092953,[-0.73082231  0.00161693  0.00122722],[2.60861496 0.00589981 0.00348176],116.4,2.3786115269532635,0,1.2444444444444445
5.175502968737474,1.305065455092953,[-0.70425166  0.0016791   0.001264  ],[2.39135791 0.00559596 0.00330994],-74.87524018465537,2.467586064640588,0,1.2555555555555555
5.175502968737474,1.305065455092953,[-0.67887042  0.001743    0.00130357],[2.28431174 0.00575089 0.00356154],-36.892018618681355,2.5412396480199155,0,1.2666666666666666
4.571276939986846,0.4724376717461219,[-0.6572419   0.00180318  0.00134335],[1.94656648 0.00541614 0.00358035],-116.4,1.931868191027993,0,1.2777777777777777
4.571276939986846,0.4724376717461219,[-0.6318607   0.00188036  0.00139693],[2.28430842 0.00694614 0.00482268],116.4,2.107654688463282,0,1.288888888888889
4.571276939986846,0.4724376717461219,[-0.60995078  0.00195277  0.00144893],[1.97189302 0.00651678 0.00467923],-107.67037712041922,2.3715776067100136,0,1.3
5.1884868250344995,-0.3458441112569007,[-0.58428818  0.00204408  0.00151624],[2.30963414 0.00821743 0.00605826],116.4,2.461143714381919,0,1.3111111111111111
5.1884868250344995,-0.3458441112569007,[-0.55981072  0.00213565  0.00158397],[2.20297119 0.0082414  0.00609585],-36.75990817275279,2.240968633476892,0,1.3222222222222222
5.1884868250344995,-0.3458441112569007,[-0.53158058  0.00224435  0.00166355],[2.54071274 0.00978312 0.00716242],116.4,2.6790359952053007,0,1.3333333333333333
4.498974071232735,0.18232510549336675,[-0.50710313  0.00234001  0.00173189],[2.20296978 0.00860969 0.00615029],-116.4,2.0789392276026826,0,1.3444444444444446
4.498974071232735,0.18232510549336675,[-0.478873    0.00245149  0.00180973],[2.54071176 0.0100331  0.00700591],116.4,2.8449666965760043,0,1.3555555555555556
4.498974071232735,0.18232510549336675,[-0.45439557  0.00254927  0.00187625],[2.20296903 0.00879996 0.0059864 ],-116.4,2.2335346035664423,0,1.3666666666666667
4.275588841951911,0.516224929854069,[-0.42616545  0.0026629   0.00195171],[2.54071099 0.01022735 0.00679132],116.4,2.8415661354574575,0,1.3777777777777778
4.275588841951911,0.516224929854069,[-0.40168802  0.00276309  0.0020169 ],[2.20296815 0.00901698 0.00586732],-116.4,2.2765549395737255,0,1.3888888888888888
4.275588841951911,0.516224929854069,[-0.37345792  0.00288094  0.00209266],[2.54070943 0.01060623 0.00681809],116.4,2.3045610431700694,0,1.4
4.222022787511904,0.8075711506939729,[-0.34644726  0.00299673  0.00216637],[2.4309595  0.01042092 0.00663387],-37.82401161945779,2.342062026778151,0,1.4111111111111112
4.222022787511904,0.8075711506939729,[-0.31953799  0.00311622  0.00224248],[2.42183412 0.01075414 0.00685004],-3.1444264680088985,2.3520808802336455,0,1.4222222222222223
4.222022787511904,0.8075711506939729,[-0.29202709  0.00324367  0.00232427],[2.47598124 0.01147096 0.00736131],18.662122609991087,2.4119718510355983,0,1.4333333333333333
4.29782734441561,0.3896715193968491,[-0.26324323  0.00338358  0.00241507],[2.59054692 0.01259158 0.00817201],39.4851596039951,2.2956637366598382,0,1.4444444444444444
4.29782734441561,0.3896715193968491,[-0.23070674  0.00354895  0.00252302],[2.92828466 0.01488336 0.00971537],116.4,2.838637871745664,0,1.4555555555555555
4.29782734441561,0.3896715193968491,[-0.20192295  0.00370173  0.00262271],[2.59054103 0.01375004 0.00897249],-116.4,2.3535630398479825,0,1.4666666666666666
4.1912397021550705,0.06761157532040375,[-0.16938653  0.00388105  0.00273961],[2.92827801 0.01613891 0.01052073],116.4,2.5366762449845943,0,1.4777777777777779
4.1912397021550705,0.06761157532040375,[-0.1406028   0.00404483  0.00284524],[2.59053558 0.01474064 0.0095067 ],-116.4,2.60572194768286,0,1.488888888888889
4.1912397021550705,0.06761157532040375,[-0.11279981  0.00420668  0.00294815],[2.50226855 0.01456605 0.00926157],-30.420079831063198,2.215267896197389,0,1.5
4.104577949368767,0.8314183608944126,[-0.08124419  0.00439342  0.0030647 ],[2.84000618 0.01680678 0.0104898 ],116.4,2.7136323653961023,0,1.511111111111111
4.104577949368767,0.8314183608944126,[-0.05344125  0.00456222  0.00316867],[2.50226483 0.0151922  0.00935735],-116.4,2.395953046123639,0,1.5222222222222221
4.104577949368767,0.8314183608944126,[-0.02188569  0.00475941  0.00328955],[2.84000047 0.01774633 0.01087943],116.4,3.200390694038121,0,1.5333333333333334
4.642803995102369,0.850845147069867,[0.00591719 0.00493938 0.00339964],[2.50225852 0.01619752 0.00990795],-116.4,2.6207085789346474,0,1.5444444444444445
4.642803995102369,0.850845147069867,[0.03747265 0.00515122 0.00352969],[2.83999192 0.01906546 0.01170427],116.4,2.547556030642825,0,1.5555555555555556
4.642803995102369,0.850845147069867,[0.07183386 0.00539155 0.00367775],[3.09250882 0.02162977 0.0133257 ],87.0311217838182,2.9459540352698137,0,1.5666666666666667
4.504283834678193,0.20210804245451816,[0.10244237 0.00561528 0.00381601],[2.7547659  0.02013604 0.01244327],-116.4,3.00947321881823,0,1.5777777777777777
4.504283834678193,0.20210804245451816,[0.13219322 0.00584042 0.00395483],[2.67757595 0.02026263 0.01249335],-26.601590064451422,2.797907810172904,0,1.5888888888888888
4.504283834678193,0.20210804245451816,[0.16569662 0.00610122 0.0041144 ],[3.01530623 0.02347175 0.01436115],116.4,3.3503706266749225,0,1.6
4.727509119757481,0.10759795362913666,[0.19544737 0.00633878 0.00425762],[2.67756725 0.02138037 0.01288988],-116.4,2.992977172218598,0,1.6111111111111112
4.727509119757481,0.10759795362913666,[0.22895068 0.00661113 0.00441894],[3.01529795 0.02451155 0.01451887],116.4,2.8485598601458872,0,1.6222222222222222
4.727509119757481,0.10759795362913666,[0.26620655 0.00691874 0.00459677],[3.35302825 0.02768515 0.01600482],116.4,3.6558366310244415,0,1.6333333333333333
4.821102212746801,0.4887534889595759,[0.29970979 0.00719923 0.00475408],[3.01529191 0.02524383 0.01415771],-116.4,3.043636727758058,0,1.6444444444444444
4.821102212746801,0.4887534889595759,[0.33696559 0.00751506 0.0049266 ],[3.35302206 0.02842502 0.01552737],116.4,3.4935303617782365,0,1.6555555555555554
4.821102212746801,0.4887534889595759,[0.37046877 0.00780346 0.00508   ],[3.01528587 0.02595557 0.01380597],-116.4,3.0407496490750288,0,1.6666666666666667
4.521773712521926,0.1787551583595128,[0.40772449 0.00812864 0.00524905],[3.35301482 0.02926618 0.01521434],116.4,3.086327058726524,0,1.6777777777777778
4.521773712521926,0.1787551583595128,[0.44456623 0.00845446 0.00541377],[3.3157567  0.02932408 0.01482458],-12.839920712299868,3.5264213163291998,0,1.6888888888888889
4.521773712521926,0.1787551583595128,[0.47765537 0.00875022 0.00555881],[2.97802245 0.02661828 0.01305405],-116.4,2.8014233566804982,0,1.7
4.184500346941915,0.27052113192248944,[0.51449706 0.00908177 0.00571646],[3.3157521  0.02983977 0.01418849],116.4,3.475555037561178,0,1.711111111111111
4.184500346941915,0.27052113192248944,[0.54758615 0.00938192 0.00585451],[2.97801889 0.02701347 0.01242438],-116.4,3.151462123755448,0,1.7222222222222223
4.184500346941915,0.27052113192248944,[0.5844278  0.00971799 0.00600423],[3.31574842 0.03024628 0.01347461],116.4,3.488846128555587,0,1.7333333333333334
4.547170900768711,0.9337755446179361,[0.62255293 0.01006817 0.00615505],[3.43126127 0.03151599 0.01357372],39.81254269626073,3.588420472538832,0,1.7444444444444445
4.547170900768711,0.9337755446179361,[0.65874853 0.01040518 0.00629712],[3.25760381 0.03033136 0.01278608],-59.850306904086075,3.2553558604058255,0,1.7555555555555555
4.547170900768711,0.9337755446179361,[0.69869662 0.01078394 0.00645532],[3.59532838 0.0340884  0.01423813],116.4,3.518806677550912,0,1.7666666666666666
4.608236579318328,0.7220661887535951,[0.73489208 0.0111355  0.00660196],[3.25759136 0.03164039 0.01319762],-116.4,3.2550706294341616,0,1.7777777777777777
4.608236579318328,0.7220661887535951,[0.77483999 0.01153302 0.00676835],[3.59531197 0.0357768  0.01497497],116.4,3.86001894886789,0,1.788888888888889
4.608236579318328,0.7220661887535951,[0.81103527 0.01190306 0.00692387],[3.25757478 0.03330326 0.01399759],-116.4,3.1552798359997865,0,1.8
4.243263041008454,1.1178068611143683,[0.85098295 0.01232235 0.00710135],[3.59529194 0.03773614 0.01597244],116.4,3.591218570370797,0,1.8111111111111111
4.243263041008454,1.1178068611143683,[0.887178   0.01271452 0.00726942],[3.2575538  0.03529563 0.01512648],-116.4,3.181042181268105,0,1.8222222222222222
4.243263041008454,1.1178068611143683,[0.92712538 0.01316196 0.00746473],[3.59526446 0.04026947 0.01757822],116.4,3.555400348611978,0,1.8333333333333333
4.506081745232758,0.6503360529175432,[0.96483793 0.01360026 0.00765972],[3.39412937 0.03944708 0.01754936],-69.3176680860382,3.4715025892243183,0,1.8444444444444446
4.506081745232758,0.6503360529175432,[1.00532959 0.01408706 0.00787941],[3.64424977 0.04381199 0.01977206],86.21294101615823,3.619491427513841,0,1.8555555555555556
4.506081745232758,0.6503360529175432,[1.04264229 0.01455074 0.00809043],[3.35814277 0.0417306  0.01899141],-98.60495798251156,3.3613593606074463,0,1.8666666666666667
4.311059597849582,0.9421474453490787,[1.08218303 0.01505698 0.00832218],[3.55866642 0.04556175 0.02085711],69.11937586396627,3.5234019841728488,0,1.8777777777777778
4.311059597849582,0.9421474453490787,[1.1181611  0.01553219 0.00854081],[3.23802613 0.04276906 0.01967683],-110.50823938245298,2.890067077430632,0,1.8888888888888888
4.311059597849582,0.9421474453490787,[1.15789135 0.01607275 0.00879107],[3.5757226  0.04865004 0.02252331],116.4,3.8818838841573338,0,1.9
4.711525005699824,0.3910910685483326,[1.19386901 0.01657776 0.00902578],[3.2379896  0.04545116 0.02112447],-116.4,3.1261645177304627,0,1.9111111111111112
4.711525005699824,0.3910910685483326,[1.23359882 0.01714994 0.00929142],[3.57568274 0.05149663 0.02390706],116.4,3.535801278745951,0,1.9222222222222223
4.711525005699824,0.3910910685483326,[1.26957611 0.01768072 0.00953579],[3.23795621 0.04777026 0.02199391],-116.4,3.6768233455074917,0,1.9333333333333333
4.436949070736923,0.7214707385270513,[1.30180095 0.01816552 0.00975655],[2.90023543 0.04363164 0.01986783],-116.4,2.9350082898156207,0,1.9444444444444444
4.436949070736923,0.7214707385270513,[1.33777794 0.01871625 0.01000492],[3.23792923 0.04956582 0.022354  ],116.4,3.127207369806818,0,1.9555555555555555
4.436949070736923,0.7214707385270513,[1.3700025  0.01921881 0.01022897],[2.90021093 0.0452306  0.02016433],-116.4,2.7976435770955765,0,1.9666666666666666
4.636857181430332,1.4612222575402352,[1.40597919 0.01978924 0.01048071],[3.2379016  0.05133864 0.02265644],116.4,3.353878557931714,0,1.9777777777777779
4.636857181430332,1.4612222575402352,[1.43820344 0.02031152 0.01071021],[2.90018272 0.04700469 0.02065469],-116.4,2.7891547486692922,0,1.988888888888889
4.636857181430332,1.4612222575402352,[1.4741797  0.0209084  0.01097331],[3.23786298 0.05371936 0.0236796 ],116.4,3.29709860140643,0,2.0
4.864582861255348,1.0789651327047562,[1.5064035  0.02145789 0.01121692],[2.90014199 0.04945396 0.02192428],-116.4,2.817484306702833,0,2.011111111111111
4.864582861255348,1.0789651327047562,[1.5423792  0.02208726 0.01149777],[3.23781314 0.05664361 0.0252763 ],116.4,3.2117030682076995,0,2.022222222222222
4.864582861255348,1.0789651327047562,[1.57460248 0.02266637 0.0117572 ],[2.9000953  0.05212016 0.02334886],-116.4,2.859868309148282,0,2.033333333333333
4.5871823041323605,1.6806338702680392,[1.60958247 0.02331085 0.01204721],[3.14819925 0.05800255 0.02610075],85.52896722866672,2.9166622571600613,0,2.0444444444444443
4.5871823041323605,1.6806338702680392,[1.6439588  0.0239625  0.01234257],[3.09386935 0.05864862 0.02658257],-18.716758293957866,3.3928533226850086,0,2.0555555555555554
4.5871823041323605,1.6806338702680392,[1.67458273 0.0245607  0.01261642],[2.75615445 0.05383785 0.02464704],-116.4,2.8961905505320984,0,2.066666666666667
4.498014150053757,1.556157568837442,[1.70895828 0.02525233 0.01293718],[3.09379904 0.06224728 0.02886847],116.4,3.0545300012991214,0,2.077777777777778
4.498014150053757,1.556157568837442,[1.74007538 0.02589846 0.01324006],[2.80053882 0.05815145 0.02725884],-101.07657853757013,3.285160408913677,0,2.088888888888889
4.498014150053757,1.556157568837442,[1.7674402  0.02648398 0.01351762],[2.46283383 0.05269639 0.02498045],-116.4,2.2794298950159133,0,2.1
4.105382845631509,1.2370516360738921,[1.79855647 0.02716868 0.01384602],[2.80046457 0.0616236  0.02955605],116.4,2.9967179458970055,0,2.111111111111111
4.105382845631509,1.2370516360738921,[1.82592055 0.02778798 0.01414498],[2.4627669  0.05573678 0.02690622],-116.4,2.0415136805541705,0,2.1222222222222222
4.105382845631509,1.2370516360738921,[1.85703598 0.02850981 0.01449528],[2.80038905 0.0649651  0.03152737],116.4,2.3381587519911156,0,2.1333333333333333
4.9708224657476885,1.6870546636056256,[1.89190265 0.02933921 0.01489816],[3.13799977 0.07464528 0.03625907],116.4,3.1998042286244366,0,2.1444444444444444
4.9708224657476885,1.6870546636056256,[1.92301716 0.03009973 0.01526744],[2.80030611 0.06844684 0.03323492],-116.4,2.6618849489690386,0,2.1555555555555554
4.9708224657476885,1.6870546636056256,[1.95788273 0.0309739  0.01569254],[3.1379013  0.07867594 0.03825913],116.4,3.4308278027330057,0,2.1666666666666665
5.480791209909557,1.520120922405166,[1.98899621 0.03177549 0.01608216],[2.80021333 0.07214262 0.03506536],-116.4,2.7840619890194085,0,2.1777777777777776
5.480791209909557,1.520120922405166,[2.02386059 0.03269604 0.01652961],[3.13779388 0.08284933 0.04027077],116.4,3.342931432958467,0,2.188888888888889
5.480791209909557,1.520120922405166,[2.05497298 0.03353877 0.01693802],[2.80011547 0.07584601 0.0367567 ],-116.4,2.671467193797815,0,2.2
5.041717246407122,1.2416272599438507,[2.08983612 0.034505   0.01740518],[3.13768263 0.08696094 0.0420451 ],116.4,3.0771602828034763,0,2.2111111111111112
5.041717246407122,1.2416272599438507,[2.12094742 0.03538734 0.01782897],[2.80001665 0.07941035 0.03814105],-116.4,3.1451610983956035,0,2.2222222222222223
5.041717246407122,1.2416272599438507,[2.15124578 0.03626374 0.018247  ],[2.72685284 0.07887562 0.03762203],-25.210024002825236,2.84622732127195,0,2.2333333333333334
5.096884289006722,1.4490523093066041,[2.18529478 0.03726652 0.01872131],[3.06440963 0.09025014 0.0426882 ],116.4,3.1233681371811457,0,2.2444444444444445
5.096884289006722,1.4490523093066041,[2.21559216 0.03817611 0.019147  ],[2.72676478 0.08186336 0.03831196],-116.4,2.764508082330349,0,2.2555555555555555
5.096884289006722,1.4490523093066041,[2.24964005 0.03921574 0.01962903],[3.06431017 0.09356643 0.04338293],116.4,3.15111649898338,0,2.2666666666666666
5.2288282530438135,1.154693514506278,[2.27993645 0.04015774 0.02006083],[2.72667565 0.08478043 0.03886188],-116.4,2.652149562223046,0,2.2777777777777777
5.2288282530438135,1.154693514506278,[2.31398325 0.04123243 0.02054778],[3.06421218 0.09672241 0.04382559],116.4,3.0453235313091684,0,2.2888888888888888
5.2288282530438135,1.154693514506278,[2.34427872 0.04220374 0.02098141],[2.72659236 0.08741794 0.03902664],-116.4,2.9545369914728647,0,2.3
5.075227138878712,0.7064502588542935,[2.37396651 0.04316792 0.02140567],[2.67190042 0.0867755  0.03818371],-18.846295930715282,2.692048195290243,0,2.311111111111111
5.075227138878712,0.7064502588542935,[2.40740466 0.04426535 0.02188013],[3.00943378 0.09876872 0.04270077],116.4,3.1786863287803597,0,2.3222222222222224
5.075227138878712,0.7064502588542935,[2.43709178 0.04524974 0.02229636],[2.67184069 0.08859571 0.03746069],-116.4,2.6878895925561395,0,2.3333333333333335
5.552273991193772,0.44348884341012307,[2.47052929 0.04636642 0.0227577 ],[3.00937642 0.10050111 0.04152107],116.4,2.983509590112307,0,2.3444444444444446
5.552273991193772,0.44348884341012307,[2.50021596 0.04736444 0.02315846],[2.67179976 0.08982156 0.0360684 ],-116.4,2.834800405200567,0,2.3555555555555556
5.552273991193772,0.44348884341012307,[2.5336531  0.04849234 0.02359789],[3.00934253 0.10151077 0.03954906],116.4,3.055203585900748,0,2.3666666666666667
4.975320939831947,0.9808887978026248,[2.56333953 0.04949711 0.02397602],[2.67177925 0.09042965 0.03403165],-116.4,2.3877419001707367,0,2.3777777777777778
4.975320939831947,0.9808887978026248,[2.59677646 0.05063129 0.02438925],[3.00932342 0.10207591 0.0371907 ],116.4,2.8512806690691392,0,2.388888888888889
4.975320939831947,0.9808887978026248,[2.62646269 0.0516421  0.02474566],[2.6717608  0.09097298 0.03207668],-116.4,2.8018950117362014,0,2.4
4.906334617648423,0.6599211301864266,[2.6566441  0.05267262 0.02509817],[2.7163265  0.09274664 0.03172554],15.370976487285777,2.629389437194963,0,2.411111111111111
4.906334617648423,0.6599211301864266,[2.69057594 0.05383398 0.02548306],[3.0538662  0.10452246 0.03464008],116.4,2.771548257412079,0,2.422222222222222
4.906334617648423,0.6599211301864266,[2.72189248 0.05490929 0.02582759],[2.81848839 0.09677802 0.03100771],-81.16413086780643,2.8207126734771455,0,2.433333333333333
4.804243146740456,0.8025448061254833,[2.75032156 0.05588744 0.02613063],[2.55861721 0.08803374 0.02727414],-89.61234081144016,2.4499358988899007,0,2.4444444444444446
4.804243146740456,0.8025448061254833,[2.78250109 0.05699606 0.0264633 ],[2.89615802 0.09977597 0.02993984],116.4,3.0917879006994173,0,2.4555555555555557
4.804243146740456,0.8025448061254833,[2.81093004 0.05797805 0.02674863],[2.55860531 0.08837883 0.02567944],-116.4,2.1192425891998896,0,2.466666666666667
4.445101412384859,0.9075418303205994,[2.84310941 0.05909152 0.02706258],[2.89614295 0.10021233 0.02825554],116.4,2.801000346241204,0,2.477777777777778
4.445101412384859,0.9075418303205994,[2.87153818 0.0600785  0.02733291],[2.55858976 0.08882788 0.02433012],-116.4,2.1892737487164515,0,2.488888888888889
4.445101412384859,0.9075418303205994,[2.90371731 0.06119879 0.02763196],[2.89612163 0.1008267  0.02691425],116.4,2.7971885271460564,0,2.5
4.778730029020355,1.2555453075621261,[2.93214584 0.06219275 0.02789084],[2.55856788 0.08945609 0.02329894],-116.4,2.471954464708489,0,2.511111111111111
4.778730029020355,1.2555453075621261,[2.96432462 0.06332305 0.02817999],[2.89609014 0.10172698 0.02602379],116.4,2.9977526576198614,0,2.522222222222222
4.778730029020355,1.2555453075621261,[2.99275275 0.06432841 0.02843367],[2.55853178 0.09048253 0.02283136],-116.4,2.902917153083566,0,2.533333333333333
4.73548803706538,1.0863314579105174,[3.02342506 0.06542063 0.02870701],[2.76050785 0.09830007 0.02460096],69.66053963064903,2.6362082406011744,0,2.5444444444444443
4.73548803706538,1.0863314579105174,[3.05784737 0.06665614 0.02901419],[3.09800755 0.11119574 0.02764574],116.4,2.918222350561382,0,2.5555555555555554
4.73548803706538,1.0863314579105174,[3.088519   0.06776725 0.02928888],[2.76044679 0.10000003 0.02472224],-116.4,2.8689317749852337,0,2.566666666666667
4.67043535778538,0.662921106631357,[3.11971263 0.06890708 0.02956978],[2.80742624 0.10258462 0.02528063],16.21262047812551,3.0549700438853997,0,2.577777777777778
4.67043535778538,0.662921106631357,[3.14715574 0.06991791 0.0298173 ],[2.46988002 0.09097404 0.02227709],-116.4,2.5081396826456683,0,2.588888888888889
4.67043535778538,0.662921106631357,[3.17834876 0.0710742  0.03009818],[2.80737169 0.10406683 0.02527904],116.4,2.8893598318633753,0,2.6
4.717843551255232,0.9811387197009395,[3.20579137 0.07209831 0.03034419],[2.4698357  0.09216966 0.02214086],-116.4,2.5602119354276374,0,2.611111111111111
4.717843551255232,0.9811387197009395,[3.23698384 0.07326942 0.03062304],[2.80732196 0.10539973 0.02509702],116.4,2.9005688791489157,0,2.6222222222222222
4.717843551255232,0.9811387197009395,[3.26442595 0.07430713 0.03086806],[2.46978969 0.09339436 0.02205172],-116.4,2.586849583627679,0,2.6333333333333333
4.530367435491186,0.13031913064449066,[3.29561781 0.0754943  0.03114657],[2.80726732 0.10684526 0.02506573],116.4,2.3924811065965144,0,2.6444444444444444
4.530367435491186,0.13031913064449066,[3.3305594  0.07683149 0.03145552],[3.14474288 0.12034683 0.02780588],116.4,3.006653375649033,0,2.6555555555555554
4.530367435491186,0.13031913064449066,[3.36175079 0.07803079 0.03172632],[2.80722556 0.10793685 0.02437177],-116.4,2.7143500317382228,0,2.6666666666666665
5.217261099807624,0.016495226504702143,[3.39669201 0.07937753 0.03202195],[3.14470986 0.12120652 0.02660669],116.4,2.994450034532,0,2.6777777777777776
5.217261099807624,0.016495226504702143,[3.42788321 0.08058185 0.03227702],[2.80720813 0.10838927 0.02295577],-116.4,2.7638067116137637,0,2.688888888888889
5.217261099807624,0.016495226504702143,[3.46282436 0.08193052 0.0325511 ],[3.14470316 0.12138025 0.02466748],116.4,2.8750959458565037,0,2.7
5.360560281198373,-0.11843134277992491,[3.49971755 0.08335362 0.03282677],[3.32038688 0.12807862 0.02481001],60.591403513511736,3.5018845202472644,0,2.7111111111111112
5.360560281198373,-0.11843134277992491,[3.53286088 0.08463012 0.03306061],[2.98289967 0.11488481 0.02104631],-116.4,2.9003153393343357,0,2.7222222222222223
5.360560281198373,-0.11843134277992491,[3.56975433 0.08604635 0.03330434],[3.32041065 0.12746097 0.02193553],116.4,3.2092736864125158,0,2.7333333333333334
4.742915446187898,1.1510092656185975,[3.60289799 0.08731413 0.03350764],[2.98292978 0.11410037 0.01829686],-116.4,3.040230972418788,0,2.7444444444444445
4.742915446187898,1.1510092656185975,[3.63979174 0.08872272 0.03372133],[3.32043699 0.12677287 0.01923163],116.4,2.971850383525377,0,2.7555555555555555
4.742915446187898,1.1510092656185975,[3.67935494 0.09023447 0.0339415 ],[3.56068862 0.13605797 0.01981584],82.86182309642575,3.390253976468433,0,2.7666666666666666
4.881622836074298,0.34344461873457355,[3.715168  0.0916072 0.0341363],[3.22317526 0.12354558 0.01753203],-116.4,3.1680923231521576,0,2.7777777777777777
4.881622836074298,0.34344461873457355,[3.75473089 0.09312723 0.03434634],[3.56066008 0.13680274 0.01890373],116.4,3.3994031574287384,0,2.7888888888888888
4.881622836074298,0.34344461873457355,[3.79054368 0.09450689 0.03453172],[3.2231513  0.12416932 0.01668426],-116.4,3.3309493519156548,0,2.8
4.767268535982768,0.7160223630918405,[3.8260155  0.0958762  0.03471062],[3.19246339 0.12323767 0.01610025],-10.580757529664286,2.800859607536758,0,2.811111111111111
4.767268535982768,0.7160223630918405,[3.86523708 0.09739446 0.0349049 ],[3.52994241 0.13664313 0.01748593],116.4,3.496167273418753,0,2.8222222222222224
4.767268535982768,0.7160223630918405,[3.90070854 0.09877298 0.03507879],[3.19243126 0.12406726 0.01564996],-116.4,3.2844325568440262,0,2.8333333333333335
4.563780064611645,0.48937233256386864,[3.93717558 0.10019601 0.0352569 ],[3.28203394 0.12807289 0.01602945],30.910884992576378,3.5078309084667496,0,2.8444444444444446
4.563780064611645,0.48937233256386864,[3.96989255 0.10147814 0.03541618],[2.94452676 0.11539095 0.01433539],-116.4,2.759042472531675,0,2.8555555555555556
4.563780064611645,0.48937233256386864,[4.00635914 0.10291263 0.03559324],[3.28199351 0.12910474 0.01593553],116.4,3.125617152897365,0,2.8666666666666667
4.4526761502917935,0.3122073413066326,[4.0390757  0.10420513 0.03575174],[2.94449002 0.11632482 0.01426507],-116.4,2.9656415255277433,0,2.8777777777777778
4.4526761502917935,0.3122073413066326,[4.07554186 0.1056507  0.03592735],[3.28195416 0.13010121 0.01580504],116.4,3.5705561084238013,0,2.888888888888889
4.4526761502917935,0.3122073413066326,[4.10825805 0.10695221 0.03608346],[2.94445787 0.1171358  0.01404997],-116.4,3.0530806890163364,0,2.9
4.303860473289189,1.0237810539196845,[4.14472385 0.10840693 0.03625541],[3.28192142 0.13092458 0.01547478],116.4,3.27065966877597,0,2.911111111111111
4.303860473289189,1.0237810539196845,[4.17743966 0.10971807 0.03641015],[2.94442326 0.11800261 0.0139266 ],-116.4,2.5819190784077204,0,2.922222222222222
4.303860473289189,1.0237810539196845,[4.21390487 0.11118733 0.03658536],[3.28186894 0.1322335  0.01576952],116.4,3.6380641247166663,0,2.933333333333333
4.697639803668146,-0.3786908350036393,[4.24662004 0.11251455 0.03674668],[2.94436489 0.11945001 0.01451895],-116.4,3.428476609877602,0,2.9444444444444446
4.697639803668146,-0.3786908350036393,[4.28308459 0.11400001 0.03692679],[3.28180988 0.13369139 0.01620946],116.4,3.553009176330009,0,2.9555555555555557
4.697639803668146,-0.3786908350036393,[4.31712237 0.11539021 0.03709175],[3.06339981 0.12511816 0.01484681],-75.3304502388859,3.166680817775943,0,2.966666666666667
4.320785537543336,-0.030883715882005093,[4.35215554 0.11682185 0.03725532],[3.1529855  0.12884749 0.01472102],30.901431739211198,3.283432100272819,0,2.977777777777778
4.320785537543336,-0.030883715882005093,[4.38493397 0.11816122 0.03740153],[2.95005883 0.12054349 0.01315881],-69.99492339117023,3.4047462593221187,0,2.988888888888889
4.320785537543336,-0.030883715882005093,[4.41530736 0.11940109 0.03752996],[2.73360515 0.1115883  0.01155834],-74.66213059617439,2.6424462028133915,0,3.0
3.91797880835514,0.1332986078277635,[4.44943045 0.12079155 0.0376657 ],[3.07107814 0.12514148 0.01221741],116.4,3.1690445798211653,0,3.011111111111111
3.91797880835514,0.1332986078277635,[4.47980401 0.1220274  0.03777914],[2.73361989 0.11122651 0.01020906],-116.4,2.4838923241349176,0,3.022222222222222
3.91797880835514,0.1332986078277635,[4.51392728 0.12341324 0.03789855],[3.07109507 0.12472527 0.01074675],116.4,2.911604785610557,0,3.033333333333333
4.802293008972024,-0.23127925361235332,[4.55180029 0.12494902 0.03802253],[3.40857039 0.13822007 0.01115884],116.4,3.346151712035051,0,3.0444444444444443
4.802293008972024,-0.23127925361235332,[4.58592377 0.12632995 0.0381255 ],[3.07111295 0.12428414 0.00926717],-116.4,2.9119673563695434,0,3.0555555555555554
4.802293008972024,-0.23127925361235332,[4.62379708 0.12785803 0.0382292 ],[3.40859843 0.1375268  0.00933293],116.4,3.323853283384366,0,3.066666666666667
4.390071740248157,0.17575982108509536,[4.65792091 0.12923024 0.03831253],[3.07114463 0.12349879 0.00749954],-116.4,3.1592301421296765,0,3.077777777777778
4.390071740248157,0.17575982108509536,[4.69579462 0.13074846 0.03839515],[3.40863409 0.13664004 0.00743558],116.4,3.1241732362147427,0,3.088888888888889
4.390071740248157,0.17575982108509536,[4.73535808 0.13233046 0.03847246],[3.56071093 0.14237997 0.00695833],52.44875133320446,3.0880316936073653,0,3.1
4.111702741137761,-0.006154277436764672,[4.77117192 0.13375965 0.03853542],[3.22324599 0.12862682 0.00566658],-116.4,3.125791386721184,0,3.111111111111111
4.111702741137761,-0.006154277436764672,[4.80673765 0.13517579 0.03859126],[3.20091589 0.12745294 0.00502502],-7.705822897201902,3.0887108209686094,0,3.1222222222222222
4.111702741137761,-0.006154277436764672,[4.84397704 0.13665529 0.03864305],[3.35154429 0.13315477 0.00466089],51.949466640017654,3.759458598464217,0,3.1333333333333333
4.608566497583709,0.5599099831671318,[4.87746677 0.13798298 0.03868394],[3.01407566 0.11949262 0.0036807 ],-116.4,2.8965690683390086,0,3.1444444444444444
4.608566497583709,0.5599099831671318,[4.91470632 0.13945803 0.03872589],[3.3515602  0.13275388 0.00377522],116.4,3.5450274173718195,0,3.1555555555555554
4.608566497583709,0.5599099831671318,[4.94819608 0.14078514 0.03876261],[3.01407773 0.11944044 0.00330495],-116.4,2.9219770698393677,0,3.1666666666666665
3.8550474075731316,0.6784491131927591,[4.97906322 0.14201011 0.03879725],[2.77804307 0.11024679 0.00311777],-81.40835166090338,2.882183565526973,0,3.1777777777777776
3.8550474075731316,0.6784491131927591,[5.01166284 0.14330723 0.03883666],[2.93396541 0.11674064 0.00354663],53.78336477591441,3.058495383573129,0,3.188888888888889
3.8550474075731316,0.6784491131927591,[5.04051253 0.14445946 0.0388755 ],[2.59647198 0.10370147 0.00349536],-116.4,2.723707958061871,0,3.2
3.7257426077838605,0.03175413826701289,[5.07311171 0.14576742 0.03892522],[2.93392642 0.11771635 0.0044754 ],116.4,2.806398484271684,0,3.2111111111111112
3.7257426077838605,0.03175413826701289,[5.10430704 0.1470241  0.03897715],[2.80758007 0.11310115 0.00467328],-43.57259556053591,2.651471904262299,0,3.2222222222222223
3.7257426077838605,0.03175413826701289,[5.13925187 0.14843655 0.03903893],[3.14503419 0.1271203  0.00556   ],116.4,3.2047789464350958,0,3.2333333333333334
5.505083988924269,-0.1002371209992505,[5.17794616 0.15000517 0.0391101 ],[3.48248678 0.1411761  0.006406  ],116.4,3.5373031761885927,0,3.2444444444444445
5.505083988924269,-0.1002371209992505,[5.21289069 0.15142508 0.03917539],[3.14500697 0.12779187 0.00587545],-116.4,3.0355909127607794,0,3.2555555555555555
5.505083988924269,-0.1002371209992505,[5.25158474 0.15299962 0.03924735],[3.48246516 0.14170842 0.00647708],116.4,3.229713780233758,0,3.2666666666666666
4.83178624799129,-1.364256216816667,[5.28652912 0.15442298 0.03931096],[3.14499435 0.12810225 0.00572449],-116.4,3.233603202689196,0,3.2777777777777777
4.83178624799129,-1.364256216816667,[5.3222868  0.1558757  0.03936853],[3.21819116 0.13074442 0.00518125],25.242622650186316,3.586805536195434,0,3.2888888888888888
4.83178624799129,-1.364256216816667,[5.35429515 0.15716884 0.03940875],[2.88075098 0.11638257 0.00362028],-116.4,2.6386647124439264,0,3.3
4.4354137634881,-1.8703420671838757,[5.39005364 0.15860136 0.03943684],[3.21826447e+00 1.28927281e-01 2.52757622e-03],116.4,3.057953138607001,0,3.311111111111111
4.4354137634881,-1.8703420671838757,[5.42206303 0.15986851 0.03944199],[2.88084453e+00 1.14043594e-01 4.63880078e-04],-116.4,3.1258051103959277,0,3.3222222222222224
4.4354137634881,-1.8703420671838757,[5.45317245 0.16108148 0.03942374],[ 2.79984837e+00  1.09166946e-01 -1.64291376e-03],-27.958877241424812,2.6016876458057983,0,3.3333333333333335
4.248908207785695,-1.8172466781996692,[5.48803269 0.16241636 0.03937384],[ 3.13742138  0.12013948 -0.00449085],116.4,3.3159903712775876,0,3.3444444444444446
4.248908207785695,-1.8172466781996692,[5.51914388 0.16358331 0.03930095],[ 2.80000677  0.10502558 -0.00656002],-116.4,2.930778847612424,0,3.3555555555555556
4.248908207785695,-1.8172466781996692,[5.55400624 0.16486154 0.03918587],[ 3.13761246  0.11504088 -0.01035723],116.4,3.2917252725106403,0,3.3666666666666667
4.727830227487794,-1.9874421000916198,[5.59262007 0.16624221 0.0390203 ],[ 3.47524493  0.12425979 -0.01490177],116.4,3.24935806681672,0,3.3777777777777778
4.727830227487794,-1.9874421000916198,[5.63319937 0.16765313 0.03880491],[ 3.65213731  0.12698257 -0.01938447],60.959179118741275,3.4765143719244267,0,3.388888888888889
4.727830227487794,-1.9874421000916198,[5.67002954 0.16889504 0.03857127],[ 3.31471528  0.11177258 -0.02102763],-116.4,3.3987704288217904,0,3.4
5.399827183243234,-0.5392559134889348,[5.71061174 0.17022009 0.0382717 ],[ 3.65239784  0.11925413 -0.02696127],116.4,3.587040781523172,0,3.411111111111111
5.399827183243234,-0.5392559134889348,[5.74744439 0.17138609 0.03796803],[ 3.31493863  0.10493975 -0.02733092],-116.4,2.9414274750826355,0,3.422222222222222
5.399827183243234,-0.5392559134889348,[5.78802899 0.17263554 0.03760486],[ 3.65261363  0.11245074 -0.03268535],116.4,3.7192096492325395,0,3.433333333333333
5.55903745880039,0.02486292235582404,[5.82486355 0.17373956 0.03725462],[ 3.31511051  0.09936185 -0.03152088],-116.4,3.0998955037065343,0,3.4444444444444446
5.55903745880039,0.02486292235582404,[5.86544992 0.17492984 0.03685385],[ 3.6527737   0.10712522 -0.03606941],116.4,3.6536776789715018,0,3.4555555555555557
5.55903745880039,0.02486292235582404,[5.90228579 0.17598951 0.03648286],[ 3.31522774  0.0953705  -0.03338933],-116.4,3.33035765173553,0,3.466666666666667
5.176782910326745,-0.2919709930120478,[5.93861831 0.17701974 0.03611511],[ 3.26992737  0.09272067 -0.03309748],-15.631971167413049,3.258306218362243,0,3.477777777777778
5.176782910326745,-0.2919709930120478,[5.97781471 0.17811799 0.03571992],[ 3.52767536  0.09884243 -0.03556738],88.8541215914953,3.4011962657970987,0,3.488888888888889
5.176782910326745,-0.2919709930120478,[6.01435477 0.17913075 0.03535572],[ 3.28860611  0.0911485  -0.03277725],-82.43441582731167,3.320688037172118,0,3.5
5.293079312386573,0.5142787631913183,[6.05464637 0.18023861 0.03496136],[ 3.62624348  0.09970706 -0.03549313],116.4,3.565413954962713,0,3.511111111111111
5.293079312386573,0.5142787631913183,[6.09118679 0.1812384  0.03461551],[ 3.28863826  0.08998107 -0.03112598],-116.4,3.4292343225301662,0,3.522222222222222
5.293079312386573,0.5142787631913183,[6.13147853 0.18234122 0.03425199],[ 3.62625591  0.09925401 -0.03271717],116.4,3.439154383765777,0,3.533333333333333
5.31030848424615,-0.019378303951611404,[6.17297782 0.18347999 0.03389994],[ 3.73493616  0.1024896  -0.0316841 ],37.471915927583574,3.7527748680781468,0,3.5444444444444443
5.31030848424615,-0.019378303951611404,[6.2107257  0.18451937 0.03360066],[ 3.39730952  0.0935438  -0.02693543],-116.4,3.3773063471621594,0,3.5555555555555554
5.31030848424615,-0.019378303951611404,[6.25222471 0.18566835 0.03329495],[ 3.73491083  0.10340831 -0.0275143 ],116.4,3.862908350647271,0,3.566666666666667
5.505230214758342,-0.24293485032610224,[6.28997228 0.18671896 0.03303805],[ 3.39728154  0.09455459 -0.02312049],-116.4,3.3144306476346257,0,3.577777777777778
5.505230214758342,-0.24293485032610224,[6.33147093 0.18788095 0.03277758],[ 3.73487822  0.10457955 -0.02344256],116.4,3.547314063515003,0,3.588888888888889
5.505230214758342,-0.24293485032610224,[6.36921818 0.18894311 0.03255935],[ 3.39725246  0.0955938  -0.01964058],-116.4,3.2842742907723688,0,3.6
5.092094224501309,-0.17229404184683886,[6.40414412 0.1899312  0.03237353],[ 3.14333496  0.0889281  -0.01672343],-87.5397873247459,3.228265211382358,0,3.611111111111111
5.092094224501309,-0.17229404184683886,[6.4415269  0.19099491 0.03219089],[ 3.36444946  0.09573397 -0.01643786],76.24049475429867,3.3124177866286852,0,3.6222222222222222
5.092094224501309,-0.17229404184683886,[6.47777123 0.19203146 0.03202856],[ 3.26199014  0.09329011 -0.01460975],-35.32111093826775,3.338587758456934,0,3.6333333333333333
5.059539345410643,-0.9145088590581153,[6.51351248 0.19305872 0.03188202],[ 3.21671281  0.09245273 -0.01318851],-15.606183481651435,3.173011673730806,0,3.6444444444444444
5.059539345410643,-0.9145088590581153,[6.55300483 0.19419643 0.0317306 ],[ 3.55431149  0.10239459 -0.01362772],116.4,3.66504190876606,0,3.6555555555555554
5.059539345410643,-0.9145088590581153,[6.58874604 0.19522545 0.03159952],[ 3.21670823  0.09261192 -0.01179787],-116.4,3.1018639230949034,0,3.6666666666666665
4.914021561446255,-0.15058009688859317,[6.62823848 0.19635983 0.03145782],[ 3.55432015  0.10209365 -0.01275277],116.4,3.387727230147235,0,3.6777777777777776
4.914021561446255,-0.15058009688859317,[6.66397982 0.19738403 0.03133286],[ 3.2167207   0.09217793 -0.01124606],-116.4,3.374082660971426,0,3.688888888888889
4.914021561446255,-0.15058009688859317,[6.70101362 0.19844364 0.03120713],[ 3.33304135  0.09536548 -0.01131566],40.103622884675175,3.3159418157040674,0,3.7
5.006807656277876,-0.5168595838434681,[6.74179864 0.199609   0.03107307],[ 3.67065225  0.10488194 -0.01206578],116.4,3.994344487222688,0,3.7111111111111112
5.006807656277876,-0.5168595838434681,[6.77883256 0.20066431 0.03095395],[ 3.33305241  0.09497804 -0.01072034],-116.4,3.408165166279084,0,3.7222222222222223
5.006807656277876,-0.5168595838434681,[6.81961777 0.20182291 0.03082433],[ 3.67066957  0.10427383 -0.01166608],116.4,3.735940248583754,0,3.7333333333333334
5.766297993450434,-2.7862630800375596,[6.86415435 0.20308265 0.03068323],[ 4.00829216  0.11337694 -0.0126991 ],116.4,4.335292893746973,0,3.7444444444444445
5.766297993450434,-2.7862630800375596,[6.90494012 0.20422159 0.03054289],[ 3.6707194   0.10250472 -0.01263083],-116.4,3.483847968191354,0,3.7555555555555555
5.766297993450434,-2.7862630800375596,[6.94947783 0.20544075 0.03036688],[ 4.00839382  0.10972388 -0.01584072],116.4,4.034980533999494,0,3.7666666666666666
5.338069902310284,-0.30111951167850737,[6.99026505 0.20652681 0.0301768 ],[ 3.6708492   0.097746   -0.01710684],-116.4,3.580721305561337,0,3.7777777777777777
5.338069902310284,-0.30111951167850737,[7.03480443 0.20768334 0.02994316],[ 4.00854414  0.10408754 -0.02102764],116.4,4.23161112526138,0,3.7888888888888888
5.338069902310284,-0.30111951167850737,[7.07559299 0.20871738 0.02970986],[ 3.67097089  0.09306381 -0.02099707],-116.4,3.607075615802643,0,3.8
5.007798094221787,-0.3326141187422207,[7.12013367 0.20982277 0.02943846],[ 4.00866103  0.09948433 -0.02442593],116.4,4.085737809062605,0,3.811111111111111
5.007798094221787,-0.3326141187422207,[7.16092328 0.21081456 0.02917821],[ 3.67106531  0.08926137 -0.02342272],-116.4,3.574839245604082,0,3.8222222222222224
5.007798094221787,-0.3326141187422207,[7.20546497 0.21187846 0.02888466],[ 4.00875194  0.09575094 -0.02641919],116.4,3.8690302041694116,0,3.8333333333333335
5.099135639933959,-0.4492697378784268,[7.2462554  0.21283612 0.02861005],[ 3.67113872  0.0861896  -0.02471498],-116.4,3.700069207590403,0,3.8444444444444446
5.099135639933959,-0.4492697378784268,[7.29079789 0.21386622 0.02830593],[ 4.00882346  0.09270849 -0.0273707 ],116.4,3.9969090219341985,0,3.8555555555555556
5.099135639933959,-0.4492697378784268,[7.33158898 0.21479535 0.0280252 ],[ 3.6711981   0.08362206 -0.02526601],-116.4,3.796603047220617,0,3.8666666666666667
5.034382754176264,-1.040465837683207,[7.37613211 0.21579675 0.02771779],[ 4.00888235  0.09012569 -0.02766704],116.4,3.91728319169368,0,3.8777777777777778
5.034382754176264,-1.040465837683207,[7.41841783 0.21673248 0.02742358],[ 3.80571421  0.08421573 -0.02647847],-70.04762193319658,4.002827730060051,0,3.888888888888889
5.034382754176264,-1.040465837683207,[7.45931932 0.21762267 0.02713545],[ 3.68113463  0.08011774 -0.0259319 ],-42.95560492732403,3.483416085528089,0,3.9
4.68461487462542,-1.338519925638276,[7.50397302 0.21857763 0.02681587],[ 4.01883244  0.08594582 -0.02876223],116.4,4.508649128853962,0,3.911111111111111
4.68461487462542,-1.338519925638276,[7.54487524 0.21943379 0.02651632],[ 3.68120001  0.07705487 -0.02695918],-116.4,4.010978798070351,0,3.922222222222222
4.68461487462542,-1.338519925638276,[7.58952979 0.22034754 0.02617987],[ 4.01891004  0.08223712 -0.03028056],116.4,4.102506439733743,0,3.933333333333333
5.799281461739524,-1.262967387397933,[7.63793681 0.22131217 0.02580322],[ 4.35663136  0.0868173  -0.03389922],116.4,4.3618670866136435,0,3.9444444444444446
5.799281461739524,-1.262967387397933,[7.68259237 0.22217569 0.0254439 ],[ 4.019       0.07771663 -0.03233876],-116.4,3.9522435091599246,0,3.9555555555555557
5.799281461739524,-1.262967387397933,[7.73100048 0.22308353 0.0250409 ],[ 4.35673023  0.08170538 -0.03626959],116.4,4.275869468730218,0,3.966666666666667
5.198199961048773,-1.0506064112197182,[7.77565705 0.22389272 0.02465634],[ 4.01909158  0.07282697 -0.03461006],-116.4,3.614492447698126,0,3.977777777777778
5.198199961048773,-1.0506064112197182,[7.82406625 0.22474093 0.0242266 ],[ 4.35682756  0.07633926 -0.03867652],116.4,4.189005375898645,0,3.988888888888889
5.198199961048773,-1.0506064112197182,[7.86872378 0.22549541 0.02381922],[ 4.01917779  0.06790272 -0.03666438],-116.4,4.241547180570739,0,4.0
5.17323850321254,-1.5813158499264033,[7.91217462 0.22620393 0.02341308],[ 3.91057563  0.06376745 -0.03655242],-37.44701141377889,3.7118124066818274,0,4.011111111111111
5.17323850321254,-1.5813158499264033,[7.95937815 0.22694441 0.02295935],[ 4.2483178   0.06664278 -0.04083583],116.4,4.333909195349677,0,4.022222222222222
5.17323850321254,-1.5813158499264033,[8.00282988 0.22759594 0.02252879],[ 3.91065591  0.05863791 -0.03875025],-116.4,4.0000541169791415,0,4.033333333333333
4.8445002177788385,-1.5227987411523562,[8.04715864 0.22823012 0.02207535],[ 3.98958833  0.05707595 -0.04080962],27.192365226495372,4.091864924049086,0,4.044444444444444
4.8445002177788385,-1.5227987411523562,[8.08986604 0.2288104  0.02162441],[ 3.84366601  0.05222529 -0.04058486],-50.30891109690948,4.0554489862721335,0,4.055555555555555
4.8445002177788385,-1.5227987411523562,[8.13423633 0.22938133 0.02114107],[ 3.99332624  0.0513836  -0.04350045],51.57037068751239,4.151924999822805,0,4.066666666666666
5.007093644516955,-2.002339571126514,[8.18104938 0.22994847 0.02061547],[ 4.21317384  0.05104237 -0.04730436],75.76062561176948,4.527563972442873,0,4.0777777777777775
5.007093644516955,-2.002339571126514,[8.22411039 0.23043417 0.0201154 ],[ 3.87549153  0.04371311 -0.04500612],-116.4,3.738465066414151,0,4.088888888888889
5.007093644516955,-2.002339571126514,[8.27092432 0.23092281 0.01955189],[ 4.2132535   0.04397792 -0.05071615],116.4,4.057055252302407,0,4.1
4.859279978947862,-2.1160538217204197,[8.31398613 0.23133234 0.01901405],[ 3.87556279  0.03685782 -0.04840577],-116.4,4.116589599856297,0,4.111111111111111
4.859279978947862,-2.1160538217204197,[8.35625311 0.2316951  0.01846564],[ 3.80402801  0.03264825 -0.04935637],-24.665772847213734,3.82501315394447,0,4.122222222222222
4.859279978947862,-2.1160538217204197,[8.40227302 0.23204608 0.01784523],[ 4.14179262  0.03158815 -0.05583696],116.4,4.031897428177549,0,4.133333333333334
5.477338365657666,-1.3678578113340925,[8.45204592 0.23237401 0.01714837],[ 4.47956082  0.0295136  -0.06271731],116.4,4.687377326819801,0,4.144444444444445
5.477338365657666,-1.3678578113340925,[8.49806647 0.23262889 0.01648384],[ 4.14184956  0.02293915 -0.05980823],-116.4,4.2653897952729,0,4.155555555555556
5.477338365657666,-1.3678578113340925,[8.54783993 0.23285684 0.0157469 ],[ 4.47961107  0.02051517 -0.06632395],116.4,4.512727829946269,0,4.166666666666667
5.18868712150063,-2.485146403364864,[8.59386089 0.23302262 0.01505177],[ 4.1418862   0.01492053 -0.06256166],-116.4,3.878523229104801,0,4.177777777777778
5.18868712150063,-2.485146403364864,[8.6436347  0.23315268 0.01428176],[ 4.47964275  0.01170581 -0.06930162],116.4,4.2496139601877445,0,4.188888888888889
5.18868712150063,-2.485146403364864,[8.6896559  0.23322201 0.01355053],[ 4.14190838  0.00623978 -0.06581043],-116.4,4.151851589327741,0,4.2
4.8414121153139025,-3.758897150201789,[8.73192443 0.23323919 0.01285953],[ 3.80416780e+00  1.54548039e-03 -6.21898501e-02],-116.4,3.790698578071416,0,4.211111111111111
4.8414121153139025,-3.758897150201789,[8.77794567 0.23320265 0.01207804],[ 4.14191177e+00 -3.28828881e-03 -7.03340023e-02],116.4,4.103194635058068,0,4.222222222222222
4.8414121153139025,-3.758897150201789,[8.82021411 0.23310973 0.01132753],[ 3.80415892 -0.00836295 -0.06754603],-116.4,3.924816786531589,0,4.233333333333333
5.332951972922426,-1.517463097973821,[8.86623505 0.2329412  0.01046958],[ 4.14188531 -0.01516713 -0.07721559],116.4,4.208584488297665,0,4.2444444444444445
5.332951972922426,-1.517463097973821,[8.90850304 0.2327258  0.0096513 ],[ 3.80411872 -0.01938646 -0.07364563],-116.4,4.156953930644975,0,4.2555555555555555
5.332951972922426,-1.517463097973821,[8.95294493e+00 2.32442812e-01 8.76587777e-03],[ 3.99977011 -0.02546882 -0.07968756],67.43997264931483,4.043323737974023,0,4.266666666666667
5.8227212031370295,-2.3096125989467495,[9.00113905e+00 2.32076741e-01 7.78515504e-03],[ 4.33747104 -0.03294643 -0.08826505],116.4,4.2314701881998795,0,4.277777777777778
5.8227212031370295,-2.3096125989467495,[9.04558009e+00 2.31681491e-01 6.86326307e-03],[ 3.99969301 -0.03557251 -0.08297028],-116.4,3.985559906945476,0,4.288888888888889
5.8227212031370295,-2.3096125989467495,[9.09377314e+00 2.31194372e-01 5.84603492e-03],[ 4.33737461 -0.04384073 -0.09155053],116.4,4.673566831899108,0,4.3
6.1684680334564455,-2.4084241086556433,[9.13821304e+00 2.30688116e-01 4.89326371e-03],[ 3.99959168 -0.04556297 -0.08574941],-116.4,3.694804407486946,0,4.311111111111111
6.1684680334564455,-2.4084241086556433,[9.18640473e+00 2.30081075e-01 3.84496463e-03],[ 4.33725208 -0.05463376 -0.09434692],116.4,4.198815389895152,0,4.322222222222222
6.1684680334564455,-2.4084241086556433,[9.23084324e+00 2.29464245e-01 2.86526946e-03],[ 3.99946593 -0.05551471 -0.08817257],-116.4,4.117906504284161,0,4.333333333333333
5.811351190596514,-2.407915076950673,[9.27152869e+00 2.28850717e-01 1.95720178e-03],[ 3.66168992 -0.05521752 -0.08172609],-116.4,3.625552856550917,0,4.344444444444444
5.811351190596514,-2.407915076950673,[9.31596565e+00 2.28131238e-01 9.54174418e-04],[ 3.99932703 -0.06475305 -0.09027246],116.4,3.845577759959378,0,4.355555555555555
5.811351190596514,-2.407915076950673,[9.35664958e+00 2.27424117e-01 2.64052030e-05],[ 3.66155321 -0.0636409  -0.08349923],-116.4,3.618074537224041,0,4.366666666666666
5.381499165322919,-2.899424028718889,[ 9.39358062e+00  2.26741654e-01 -8.23626124e-04],[ 3.3237938  -0.06142165 -0.07650282],-116.4,3.041833775219663,0,4.377777777777778
5.381499165322919,-2.899424028718889,[ 9.43426293e+00  2.25947146e-01 -1.77012706e-03],[ 3.66140806 -0.07150574 -0.08518508],116.4,3.8392991230461977,0,4.388888888888889
5.381499165322919,-2.899424028718889,[ 9.47119237e+00  2.25182739e-01 -2.63955848e-03],[ 3.32364933 -0.06879662 -0.07824883],-116.4,3.241301130553603,0,4.4
5.081728107712027,-2.513417353020496,[ 9.51187277e+00  2.24295560e-01 -3.60943897e-03],[ 3.66123567 -0.07984617 -0.08728924],116.4,3.184850708384102,0,4.411111111111111
5.081728107712027,-2.513417353020496,[ 9.55507011e+00  2.23302245e-01 -4.65094933e-03],[ 3.8877611  -0.08939828 -0.09373593],78.12359805670175,4.016958975038483,0,4.4222222222222225
5.081728107712027,-2.513417353020496,[ 9.59451458e+00  2.22346502e-01 -5.61147850e-03],[ 3.5500019  -0.08601694 -0.08644763],-116.4,3.931500869006824,0,4.433333333333334
5.525515099994397,-2.4997693855616903,[ 9.63770945e+00  2.21250955e-01 -6.67258278e-03],[ 3.88753863 -0.09859921 -0.09549938],116.4,3.9893567899016316,0,4.444444444444445
5.525515099994397,-2.4997693855616903,[ 9.68040108e+00  2.20116435e-01 -7.72932060e-03],[ 3.8422462  -0.10210676 -0.0951064 ],-15.572887284449713,3.8065418397112767,0,4.455555555555556
5.525515099994397,-2.4997693855616903,[ 9.72684260e+00  2.18827118e-01 -8.88641470e-03],[ 4.17973723 -0.11603857 -0.10413847],116.4,3.890917740653739,0,4.466666666666667
5.405600234188257,-1.9141939354646733,[ 9.76953131  0.2175878  -0.00995595],[ 3.84198398 -0.11153818 -0.09625786],-116.4,3.89006362984281,0,4.477777777777778
5.405600234188257,-1.9141939354646733,[ 9.81321178  0.21627118 -0.01105255],[ 3.93124258 -0.11849603 -0.09869414],30.81943969175164,3.7956409804476086,0,4.488888888888889
5.405600234188257,-1.9141939354646733,[ 9.86030263  0.21480105 -0.01223359],[ 4.23817645 -0.13231171 -0.10629395],105.87758120323895,3.7248108049045,0,4.5
5.918778120529072,-1.0617520216866194,[ 9.91114259  0.21315746 -0.01350412],[ 4.57559578 -0.14792295 -0.11434775],116.4,4.261628624933428,0,4.511111111111111
5.918778120529072,-1.0617520216866194,[ 9.95823011  0.21158444 -0.01466955],[ 4.23787722 -0.14157206 -0.10488869],-116.4,3.9761823082005856,0,4.522222222222222
5.918778120529072,-1.0617520216866194,[10.00906677  0.2098419  -0.01590912],[ 4.57529918 -0.156829   -0.11156128],116.4,4.650515674779963,0,4.533333333333333
5.961033540069547,-2.2409992852889142,[10.0561515   0.20818737 -0.01703506],[ 4.23762583 -0.14890703 -0.10133409],-116.4,4.887726653342515,0,4.544444444444444
5.961033540069547,-2.2409992852889142,[10.09948461  0.20663046 -0.01805312],[ 3.8999799  -0.14012215 -0.09162598],-116.4,3.7883590987800053,0,4.555555555555555
5.961033540069547,-2.2409992852889142,[10.14656679  0.2049049  -0.01914184],[ 4.23739636 -0.15530018 -0.09798423],116.4,4.404147178130329,0,4.566666666666666
6.267633868769182,-0.395735414120531,[10.18989744  0.20328093 -0.02012975],[ 3.89975838 -0.14615732 -0.08891197],-116.4,3.83938110054288,0,4.5777777777777775
6.267633868769182,-0.395735414120531,[10.23697713  0.20148854 -0.02117996],[ 4.23717163 -0.16131512 -0.09451939],116.4,4.011697460242439,0,4.588888888888889
6.267633868769182,-0.395735414120531,[10.280866    0.19979372 -0.02213137],[ 3.94999843 -0.15253363 -0.08562633],-99.01429906231661,3.994094230526489,0,4.6
5.241623315793419,-1.5600134726374968,[10.32100439  0.1982294  -0.02297177],[ 3.61245502 -0.14078942 -0.07563653],-116.4,3.7763360089638276,0,4.611111111111111
5.241623315793419,-1.5600134726374968,[10.36489216  0.19650647 -0.02386029],[ 3.94989994 -0.15506315 -0.07996619],116.4,3.8591958243964966,0,4.622222222222222
5.241623315793419,-1.5600134726374968,[10.40761164  0.19481356 -0.02469762],[ 3.8447525  -0.15236256 -0.07536054],-36.246408655001424,3.6288870404356595,0,4.633333333333334
5.008261442837632,-1.875296042552588,[10.45120009  0.19307055 -0.02552603],[ 3.92296096 -0.15687048 -0.07455666],26.994132930768238,4.0005460298362845,0,4.644444444444445
5.008261442837632,-1.875296042552588,[10.49103815  0.19146087 -0.02626279],[ 3.58542557 -0.14487157 -0.066308  ],-116.4,3.5931122627705254,0,4.655555555555556
5.008261442837632,-1.875296042552588,[10.53462519  0.18968276 -0.02704997],[ 3.92283337 -0.16002939 -0.07084632],116.4,4.096066442428394,0,4.666666666666667
5.309819234785743,-1.863812087735074,[10.57446182  0.18803787 -0.02775498],[ 3.58529615 -0.14803999 -0.06345095],-116.4,3.6521764886154306,0,4.677777777777778
5.309819234785743,-1.863812087735074,[10.61804712  0.18621791 -0.02851331],[ 3.92267788 -0.16379662 -0.06824956],116.4,4.0689450436424,0,4.688888888888889
5.309819234785743,-1.863812087735074,[10.65788204  0.18453203 -0.02919678],[ 3.58514192 -0.15172922 -0.06151271],-116.4,3.6563819517416674,0,4.7
4.981284623165454,-1.7408751004765908,[10.7007924   0.18269315 -0.02992491],[ 3.86193284 -0.165499   -0.0655317 ],95.50841031461427,3.9285463634818627,0,4.711111111111111
4.981284623165454,-1.7408751004765908,[10.73995247  0.18099137 -0.03058328],[ 3.524406   -0.15316056 -0.05925286],-116.4,3.787604221420085,0,4.722222222222222
4.981284623165454,-1.7408751004765908,[10.78286067  0.1791028  -0.03129921],[ 3.86173858 -0.16997151 -0.06443389],116.4,3.97429001613094,0,4.733333333333333
5.1141018296033645,-1.3106301697853786,[10.8252764   0.17720891 -0.03200267],[ 3.81741564 -0.17044968 -0.06331177],-15.253116450695337,3.769133340480686,0,4.7444444444444445
5.1141018296033645,-1.3106301697853786,[10.87143987  0.17511982 -0.03276251],[ 4.15471193 -0.18801788 -0.06838481],116.4,4.210216912703715,0,4.7555555555555555
5.1141018296033645,-1.3106301697853786,[10.91385321  0.17317313 -0.03345444],[ 3.81720047 -0.1752023  -0.06227447],-116.4,3.6827877171963355,0,4.766666666666667
4.928630848311446,-0.6754099170215976,[10.96001412  0.17102842 -0.03420009],[ 4.15448235 -0.19302421 -0.06710849],116.4,4.045177286636341,0,4.777777777777778
4.928630848311446,-0.6754099170215976,[11.00242527  0.1690346  -0.03487479],[ 3.81700344 -0.17944366 -0.06072312],-116.4,3.873732428044064,0,4.788888888888889
4.928630848311446,-0.6754099170215976,[11.04858408  0.16684504 -0.03559465],[ 4.15429287 -0.19705997 -0.0647866 ],116.4,4.1864877400959095,0,4.8
5.123655196220689,-0.53921977085417,[11.09256488  0.16474013 -0.03626432],[ 3.95827178 -0.18944223 -0.06027088],-67.60485811707915,3.968297741064296,0,4.811111111111111
5.123655196220689,-0.53921977085417,[11.14029336  0.16244023 -0.03697069],[ 4.29556322 -0.20699121 -0.0635729 ],116.4,4.535569835339114,0,4.822222222222222
5.123655196220689,-0.53921977085417,[11.18427277  0.16030656 -0.03760082],[ 3.95814706 -0.19203054 -0.05671192],-116.4,3.976370348140871,0,4.833333333333333
4.911050385650114,-1.5533811877052048,[11.23199997  0.15798031 -0.03826056],[ 4.29544832 -0.20936202 -0.05937664],116.4,4.2241286271358565,0,4.844444444444444
4.911050385650114,-1.5533811877052048,[11.2759782   0.15582228 -0.03885039],[ 3.95804009 -0.19422286 -0.05308462],-116.4,3.9881261350408566,0,4.855555555555555
4.911050385650114,-1.5533811877052048,[11.32370386  0.15346471 -0.03947488],[ 4.29530998 -0.21218123 -0.05620372],116.4,4.420981038843103,0,4.866666666666666
5.264354256198044,-0.3713180799423389,[11.37019863  0.15114825 -0.04007158],[ 4.18452908 -0.20848148 -0.05370323],-38.1956766264976,3.9745480700503686,0,4.877777777777778
5.264354256198044,-0.3713180799423389,[11.42044062  0.14862793 -0.04070037],[ 4.52177861 -0.22682847 -0.05659107],116.4,4.439446078051659,0,4.888888888888889
5.264354256198044,-0.3713180799423389,[11.46693382  0.14628031 -0.04126493],[ 4.18438838 -0.21128647 -0.05081044],-116.4,4.235624635651457,0,4.9
4.997255872198248,-0.0005409641151318013,[11.51258878  0.14396439 -0.0418004 ],[ 4.10894646 -0.20843248 -0.04819286],-26.016689980481033,4.286793341187839,0,4.911111111111111
4.997255872198248,-0.0005409641151318013,[11.55770074  0.1416695  -0.04230753],[ 4.06007679 -0.20654014 -0.04564131],-16.85378223479697,4.274041252258647,0,4.9222222222222225
4.997255872198248,-0.0005409641151318013,[11.60390436  0.13931583 -0.04280179],[ 4.15832537 -0.21183056 -0.04448302],33.90917524467213,4.033572114200981,0,4.933333333333334
5.6653998958530885,-15.995355159313691,[11.65385578  0.13677007 -0.04330684],[ 4.49562761 -0.22911831 -0.04545478],116.4,4.793432046886221,0,4.944444444444445
5.6653998958530885,-15.995355159313691,[11.70005726  0.13437494 -0.04379522],[ 4.15813364 -0.21556125 -0.04395416],-116.4,3.9921657020939447,0,4.955555555555556
5.6653998958530885,-15.995355159313691,[11.75000197  0.13170078 -0.04439839],[ 4.49502373 -0.24067502 -0.05428583],116.4,4.548925203009497,0,4.966666666666667
5.834265962844625,1.1726614618659672,[11.7961926   0.12910476 -0.04507418],[ 4.15715692 -0.23364153 -0.0608208 ],-116.4,4.202945667641448,0,4.977777777777778
5.834265962844625,1.1726614618659672,[11.8461238   0.12618918 -0.04589851],[ 4.49380773 -0.2624022  -0.07418961],116.4,4.677238436934877,0,4.988888888888889
5.834265962844625,1.1726614618659672,[11.89230358  0.12340685 -0.04672009],[ 4.15618059 -0.25040955 -0.07394179],-116.4,4.456664700185364,0,5.0
5.73793205926405,1.1184847033138736,[11.94222495  0.12032756 -0.047646  ],[ 4.49292314 -0.27713621 -0.08333229],116.4,4.824916423367995,0,5.011111111111111
5.73793205926405,1.1184847033138736,[11.98839735  0.11742526 -0.04851652],[ 4.15551595 -0.26120726 -0.07834682],-116.4,4.183119274142243,0,5.022222222222222
5.73793205926405,1.1184847033138736,[12.03831254  0.11424739 -0.04945352],[ 4.49236714 -0.28600748 -0.08432978],116.4,4.528935688760569,0,5.033333333333333
5.700522968247366,1.4013667522250437,[12.08448081  0.11128    -0.05030115],[ 4.15514358 -0.26706525 -0.07628716],-116.4,4.409227763907118,0,5.044444444444444
5.700522968247366,1.4013667522250437,[12.1343932   0.10805852 -0.05118151],[ 4.49211545 -0.2899338  -0.07923206],116.4,4.586624518854731,0,5.055555555555555
5.700522968247366,1.4013667522250437,[12.18067487  0.10506691 -0.05195259],[ 4.16535029 -0.26924487 -0.06939727],-112.84134138859983,4.013227500030387,0,5.066666666666666
5.833920284071932,0.7560343305686568,[12.23070202  0.1018422  -0.05272681],[ 4.50244397 -0.2902237  -0.06967993],116.4,4.524541595000762,0,5.0777777777777775
5.833920284071932,0.7560343305686568,[12.27698497  0.09887036 -0.05338413],[ 4.1654649  -0.26746581 -0.05915832],-116.4,4.105243917538441,0,5.088888888888889
5.833920284071932,0.7560343305686568,[12.32701425  0.09567877 -0.05402782],[ 4.50263511 -0.28724311 -0.05793277],116.4,4.146708591572158,0,5.1
5.964168849152157,0.01626099113278894,[12.38040765  0.0922971  -0.0546415 ],[ 4.80540664 -0.30434966 -0.05523056],104.51063132482983,4.787643847384706,0,5.111111111111111
5.964168849152157,0.01626099113278894,[12.4300572   0.08917414 -0.05514736],[ 4.46845917 -0.28106654 -0.04552806],-116.4,4.16234023922597,0,5.122222222222222
5.964168849152157,0.01626099113278894,[12.48345368  0.08584134 -0.05562565],[ 4.80568316 -0.29995187 -0.04304575],116.4,4.818574995148361,0,5.133333333333334
6.288558552687575,0.8490159983489183,[12.53310611  0.08276458 -0.05601305],[ 4.46871877 -0.27690851 -0.03486626],-116.4,4.508103348190858,0,5.144444444444445
6.288558552687575,0.8490159983489183,[12.5865059   0.07948523 -0.05636713],[ 4.80598099 -0.29514147 -0.03186716],116.4,5.1274501362191165,0,5.155555555555556
6.288558552687575,0.8490159983489183,[12.6361618   0.07646503 -0.05663817],[ 4.46903131 -0.27181783 -0.02439385],-116.4,4.507128329491766,0,5.166666666666667
5.936424360341328,0.9951232538379774,[12.68956564  0.07325222 -0.05686775],[ 4.80634499 -0.28915318 -0.02066184],116.4,4.715927037031915,0,5.177777777777778
5.936424360341328,0.9951232538379774,[12.73922558  0.07029928 -0.05702402],[ 4.46939534 -0.26576498 -0.01406425],-116.4,4.364338007717147,0,5.188888888888889
5.936424360341328,0.9951232538379774,[12.79263401  0.06716377 -0.0571316 ],[ 4.80675852 -0.28219537 -0.00968205],116.4,4.650776506320861,0,5.2
6.085484178715855,1.0617997363205345,[12.84353693  0.06421508 -0.05717799],[ 4.58126227e+00 -2.65382342e-01 -4.17514261e-03],-77.92027839832501,4.591870516043439,0,5.211111111111111
6.085484178715855,1.0617997363205345,[12.89695559  0.06116431 -0.05716937],[ 4.80767958e+00 -2.74568987e-01  7.75367315e-04],78.08522715080878,4.357651874640583,0,5.222222222222222
6.085484178715855,1.0617997363205345,[12.95412359  0.05794754 -0.05710101],[ 5.14511982 -0.28950928  0.00615259],116.4,5.379338369664077,0,5.233333333333333
6.605404882836494,0.6531134625071274,[13.00754736  0.05498772 -0.05698423],[ 4.80814004 -0.2663839   0.01051068],-116.4,4.407112755240912,0,5.2444444444444445
6.605404882836494,0.6531134625071274,[13.06472074  0.05186805 -0.05680811],[ 5.14560407 -0.28077098  0.0158509 ],116.4,5.438179693499104,0,5.2555555555555555
6.605404882836494,0.6531134625071274,[13.11814935  0.04899667 -0.05660064],[ 4.80857445 -0.25842361  0.01867176],-116.4,4.782476589834823,0,5.266666666666667
6.101032065415206,1.0544855378023117,[13.17532765  0.0459686  -0.05633774],[ 5.14604731 -0.27252646  0.02366131],116.4,5.143251769755005,0,5.277777777777778
6.101032065415206,1.0544855378023117,[13.22876075  0.04318212 -0.05605584],[ 4.80897899 -0.25078291  0.02537101],-116.4,4.891247933814751,0,5.288888888888889
6.101032065415206,1.0544855378023117,[13.28594383  0.04024565 -0.05571765],[ 5.14647728 -0.26428241  0.03043691],116.4,4.900356930396167,0,5.3
6.152707416491485,0.20885090349885063,[13.34515807  0.03725345 -0.05533207],[ 5.32928146 -0.26929853  0.03470184],63.00777165808239,5.217940577314412,0,5.311111111111111
6.152707416491485,0.20885090349885063,[13.40062647  0.03449248 -0.05494542],[ 4.9921558  -0.24848663  0.03479919],-116.4,5.143556105145338,0,5.322222222222222
6.152707416491485,0.20885090349885063,[13.45886608  0.03163192 -0.05451987],[ 5.24156511 -0.25745031  0.03829941],86.00379343608404,4.663179921762508,0,5.333333333333333
5.873212300340802,0.5229780388069745,[13.52085574  0.02862496 -0.05405284],[ 5.57906902 -0.27062648  0.04203288],116.4,5.377115782795534,0,5.344444444444444
5.873212300340802,0.5229780388069745,[13.57909877  0.02583487 -0.05360428],[ 5.24187274 -0.25110871  0.0403701 ],-116.4,5.212028832053388,0,5.355555555555555
5.873212300340802,0.5229780388069745,[13.64109182  0.02289873 -0.05311974],[ 5.57937455 -0.26425275  0.04360858],116.4,5.3609672990701025,0,5.366666666666666
6.3575633499869015,0.5413241588337638,[13.70683506  0.01982051 -0.05260141],[ 5.91689163 -0.27703962  0.04664974],116.4,5.900718245928693,0,5.377777777777778
6.3575633499869015,0.5413241588337638,[13.76883125  0.01695144 -0.05211077],[ 5.57965716 -0.25821652  0.04415729],-116.4,5.618271963434715,0,5.388888888888889
6.3575633499869015,0.5413241588337638,[13.83457763  0.01394098 -0.05159067],[ 5.91717402 -0.27094126  0.04680945],116.4,5.802249840141675,0,5.4
6.683343423948481,-0.6381166881078119,[ 1.39040744e+01  1.07932695e-02 -5.10430729e-02],[ 6.25470649 -0.28329364  0.04928345],116.4,6.127617779586298,0,5.411111111111111
6.683343423948481,-0.6381166881078119,[ 1.39698234e+01  7.84136458e-03 -5.05374664e-02],[ 5.91741297 -0.26567144  0.04550459],-116.4,5.468789816489088,0,5.4222222222222225
6.683343423948481,-0.6381166881078119,[ 1.40393221e+01  4.73830174e-03 -5.00254179e-02],[ 6.25488718 -0.27927566  0.04608436],116.4,6.190342921612639,0,5.433333333333334
6.961992515403891,-0.5001665131205086,[ 1.41050724e+01  1.81349274e-03 -4.95693795e-02],[ 5.91752195 -0.26323281  0.04104345],-116.4,5.803823557976295,0,5.444444444444445
6.961992515403891,-0.5001665131205086,[ 1.41745718e+01 -1.27456418e-03 -4.91224122e-02],[ 6.25494734 -0.27792512  0.04022706],116.4,6.221015486448199,0,5.455555555555556
6.961992515403891,-0.5001665131205086,[ 1.42403222e+01 -4.19628703e-03 -4.87364492e-02],[ 5.9175343  -0.26295506  0.03473667],-116.4,5.901759286201077,0,5.466666666666667
6.745060863200095,-0.5443129300466026,[ 1.43095069e+01 -7.27743197e-03 -4.83720345e-02],[ 6.22662178 -0.27730304  0.03279732],106.63803310921622,6.478299155667605,0,5.477777777777778
6.745060863200095,-0.5443129300466026,[ 1.43749421e+01 -1.02012317e-02 -4.80690275e-02],[ 5.88917265 -0.26314198  0.02727063],-116.4,6.022485595477904,0,5.488888888888889
6.745060863200095,-0.5443129300466026,[ 1.44441257e+01 -1.33081593e-02 -4.77941995e-02],[ 6.22651801 -0.27962348  0.02473452],116.4,6.008087320153992,0,5.5
6.72213984450103,-0.3320186174376654,[14.51388066 -0.01645911 -0.04756377],[ 6.27795035 -0.28358528  0.02073835],17.769060683447385,6.119058655906887,0,5.511111111111111
6.72213984450103,-0.3320186174376654,[14.58156412 -0.01953607 -0.04738395],[ 6.09151162 -0.27692701  0.01618406],-64.29201562436575,5.694185140905913,0,5.522222222222222
6.72213984450103,-0.3320186174376654,[14.6529954  -0.02280619 -0.04723845],[ 6.42881482 -0.29431056  0.01309483],116.4,6.578318089021088,0,5.533333333333333
7.142255759535297,-0.1792250340946355,[14.72067686 -0.02592692 -0.04714053],[ 6.09133128 -0.28086585  0.00881267],-116.4,6.025989789071511,0,5.544444444444444
7.142255759535297,-0.1792250340946355,[14.79210594 -0.02924452 -0.04707581],[ 6.42861775e+00 -2.98584106e-01  5.82556101e-03],116.4,6.5739926421338275,0,5.555555555555555
7.142255759535297,-0.1792250340946355,[14.85978531 -0.03241038 -0.04704778],[ 6.09114266e+00 -2.84927192e-01  2.52236010e-03],-116.4,6.3285445613661295,0,5.566666666666666
6.862728333393179,0.11701128170299915,[14.92733352 -0.03559241 -0.04704987],[ 6.07933947e+00 -2.86382338e-01 -1.88464067e-04],-4.03984749003045,5.986235952446198,0,5.5777777777777775
6.862728333393179,0.11701128170299915,[14.99862931 -0.03897213 -0.04707819],[ 6.41662051e+00 -3.04175335e-01 -2.54835324e-03],116.4,6.43044832112095,0,5.588888888888889
6.862728333393179,0.11701128170299915,[15.06617573 -0.04219206 -0.04712491],[ 6.07917784e+00 -2.89793088e-01 -4.20518746e-03],-116.4,6.059624912613222,0,5.6
6.564667219324849,0.6128148771021361,[15.13630672 -0.04555146 -0.04718957],[ 6.31178901e+00 -3.02346469e-01 -5.81877974e-03],80.2819524359534,6.527217582219975,0,5.611111111111111
6.564667219324849,0.6128148771021361,[15.20268878 -0.04874179 -0.04725846],[ 5.97438563 -0.28712919 -0.00620077],-116.4,6.199975939538476,0,5.622222222222222
6.564667219324849,0.6128148771021361,[15.27281896 -0.05211806 -0.04733246],[ 6.31171609 -0.30386485 -0.00665984],116.4,6.242615635403769,0,5.633333333333334
7.193618393303529,-0.34315328059675204,[15.34669744 -0.05567628 -0.04740545],[ 6.64906392e+00 -3.20239290e-01 -6.56899450e-03],116.4,6.781329373348207,0,5.644444444444445
7.193618393303529,-0.34315328059675204,[15.41682739 -0.05905742 -0.04747267],[ 6.31169501e+00 -3.04302471e-01 -6.04953907e-03],-116.4,6.6256210148563905,0,5.655555555555556
7.193618393303529,-0.34315328059675204,[15.49070545 -0.06262442 -0.0475437 ],[ 6.64902578e+00 -3.21030136e-01 -6.39293553e-03],116.4,6.547483300998916,0,5.666666666666667
7.730610095933243,0.8321237705322723,[15.56833151 -0.06637983 -0.04762072],[ 6.98634544e+00 -3.37986909e-01 -6.93195605e-03],116.4,7.466770045275611,0,5.677777777777778
7.730610095933243,0.8321237705322723,[15.64220919 -0.06995484 -0.04768811],[ 6.64899091e+00 -3.21751470e-01 -6.06534473e-03],-116.4,6.844204109516847,0,5.688888888888889
7.730610095933243,0.8321237705322723,[15.71983547 -0.07370566 -0.04774545],[ 6.98636545e+00 -3.37573214e-01 -5.16048727e-03],116.4,7.146761165402879,0,5.7
8.228426880261942,0.24875326001711995,[15.80121067 -0.07762582 -0.0477851 ],[ 7.32376792e+00 -3.52814765e-01 -3.56824210e-03],116.4,7.476394860846345,0,5.711111111111111
8.228426880261942,0.24875326001711995,[15.87883809 -0.081353   -0.04780363],[ 6.98646791e+00 -3.35445900e-01 -1.66782987e-03],-116.4,7.0721288993899085,0,5.722222222222222
8.228426880261942,0.24875326001711995,[15.96021461 -0.08524577 -0.04780327],[ 7.32388627e+00 -3.50349260e-01  3.23428320e-05],116.4,7.2349897807032395,0,5.733333333333333
8.225305878687475,0.10984079632980583,[16.03824095 -0.08896344 -0.04778453],[ 7.02237062e+00 -3.34590428e-01  1.68684992e-03],-104.05475090780442,6.982836932081807,0,5.7444444444444445
8.225305878687475,0.10984079632980583,[16.12001649 -0.09284432 -0.04774763],[ 7.35979873e+00 -3.49279424e-01  3.32078868e-03],116.4,7.539530159875873,0,5.7555555555555555
8.225305878687475,0.10984079632980583,[16.19804422 -0.09653268 -0.0476978 ],[ 7.02249580e+00 -3.31952648e-01  4.48477936e-03],-116.4,7.185171710454299,0,5.766666666666667
8.120876401693337,0.14452811774373725,[16.27982119 -0.10038332 -0.04763207],[ 7.35992742e+00 -3.46556926e-01  5.91590725e-03],116.4,7.6476746710751735,0,5.777777777777778
8.120876401693337,0.14452811774373725,[16.35785027 -0.10404302 -0.04755778],[ 7.02261725e+00 -3.29373355e-01  6.68586072e-03],-116.4,7.027283019591589,0,5.788888888888889
8.120876401693337,0.14452811774373725,[16.43962864 -0.10786379 -0.04746912],[ 7.3600535  -0.34386906  0.00797948],116.4,7.217016467315714,0,5.8
8.143560106171519,-0.33898971956559165,[16.51801269 -0.11151163 -0.04737498],[ 7.05456384 -0.32830597  0.00847253],-105.41913213891439,7.08657077370049,0,5.811111111111111
8.143560106171519,-0.33898971956559165,[16.6001459  -0.11532308 -0.04727245],[ 7.39198905 -0.34303001  0.00922772],116.4,7.39782308847637,0,5.822222222222222
8.143560106171519,-0.33898971956559165,[16.67853076 -0.11895331 -0.04717558],[ 7.05463742 -0.32672109  0.00871838],-116.4,6.732375097256026,0,5.833333333333333
7.618769362995619,0.3450732352649863,[16.7606645  -0.12275339 -0.04707929],[ 7.39203646 -0.3420068   0.00866648],116.4,7.455967120162904,0,5.844444444444444
7.618769362995619,0.3450732352649863,[16.83904979 -0.12637425 -0.04698959],[ 7.05467644 -0.32587735  0.00807222],-116.4,6.961264204368402,0,5.855555555555555
7.618769362995619,0.3450732352649863,[16.92118416 -0.13016076 -0.04689543],[ 7.39209285 -0.34078589  0.00847485],116.4,7.180967101313113,0,5.866666666666666
7.972655034983892,-0.4774409019060663,[17.00706772 -0.13411006 -0.04679455],[ 7.72952104 -0.35543716  0.00907939],116.4,7.71263469135768,0,5.877777777777778
7.972655034983892,-0.4774409019060663,[17.08920278 -0.13788158 -0.04670167],[ 7.39215492 -0.33943693  0.00835924],-116.4,7.555586701445737,0,5.888888888888889
7.972655034983892,-0.4774409019060663,[17.17508664 -0.14182449 -0.04661354],[ 7.72954748 -0.35486163  0.00793123],116.4,7.640412127014627,0,5.9
8.607530089728023,-2.1942767507520236,[17.26471912 -0.1459428  -0.04653551],[ 8.06692344e+00 -3.70647875e-01  7.02281305e-03],116.4,7.990468626357772,0,5.911111111111111
8.607530089728023,-2.1942767507520236,[17.3506019  -0.14990926 -0.04649448],[ 7.72944986e+00 -3.56981645e-01  3.69260251e-03],-116.4,7.581292779308032,0,5.9222222222222225
8.607530089728023,-2.1942767507520236,[17.4402316  -0.15408771 -0.04650462],[ 8.06667291e+00 -3.76060928e-01 -9.12748423e-04],116.4,7.979757805169795,0,5.933333333333334
8.594495828073676,-1.455586824596767,[17.52611017 -0.15814423 -0.04657902],[ 7.72907129e+00 -3.65086269e-01 -6.69583190e-03],-116.4,7.999735271923332,0,5.944444444444445
8.594495828073676,-1.455586824596767,[17.61224112 -0.16227447 -0.04672245],[ 7.75178575 -0.37172151 -0.01290808],7.928143134004527,7.571063268481602,0,5.955555555555556
8.594495828073676,-1.455586824596767,[17.70211697 -0.16665716 -0.04694659],[ 8.08882664 -0.39444206 -0.02017293],116.4,7.951989616547887,0,5.966666666666667
8.482175896837271,-1.32181811338696,[17.78824073 -0.17093479 -0.04723413],[ 7.75113824 -0.38498725 -0.02587915],-116.4,7.702859060508231,0,5.977777777777778
8.482175896837271,-1.32181811338696,[17.87810828 -0.17548458 -0.0476091 ],[ 8.08807926 -0.40948112 -0.03374691],116.4,8.17119065020791,0,5.988888888888889
8.482175896837271,-1.32181811338696,[17.96422337 -0.17993323 -0.04803856],[ 7.75035846 -0.40037844 -0.03865171],-116.4,7.641983057490062,0,6.0
8.40559338521452,-3.6406421942223646,[18.0540812  -0.18467099 -0.0485576 ],[ 8.08720502 -0.42639869 -0.04671365],116.4,8.112109474261112,0,6.011111111111111
8.40559338521452,-3.6406421942223646,[18.14018536 -0.18932655 -0.04914305],[ 7.74937402 -0.41900045 -0.05268981],-116.4,7.844447616465981,0,6.022222222222222
8.40559338521452,-3.6406421942223646,[18.23002909 -0.19432463 -0.04986272],[ 8.08593574 -0.44982683 -0.06477014],116.4,8.22665127522063,0,6.033333333333333
8.61085175237235,-3.1664118752031105,[18.31611709 -0.19927    -0.05066919],[ 7.74791975 -0.44508285 -0.07258249],-116.4,7.619290644372649,0,6.044444444444444
8.61085175237235,-3.1664118752031105,[18.40594145 -0.20460487 -0.05163763],[ 8.08419247 -0.48013847 -0.08716012],116.4,8.293172194685088,0,6.055555555555555
8.61085175237235,-3.1664118752031105,[18.49200862 -0.20990034 -0.05268996],[ 7.74604536 -0.47659248 -0.09470906],-116.4,7.604822057963709,0,6.066666666666666
7.971748714520364,-3.5270606416629064,[18.58001419 -0.21551114 -0.0538941 ],[ 7.92050141 -0.50497223 -0.10837315],60.61821430185027,7.815504228541791,0,6.0777777777777775
7.971748714520364,-3.5270606416629064,[18.66426152 -0.22108519 -0.05517233],[ 7.58225975 -0.50166414 -0.11504072],-116.4,7.750355048495482,0,6.088888888888889
7.971748714520364,-3.5270606416629064,[18.75080624 -0.22702692 -0.05661539],[ 7.78902439 -0.53475608 -0.12987536],71.86485494580538,7.330228884455499,0,6.1
8.289923351467404,-3.7280222145859523,[18.84107818 -0.23346402 -0.05825558],[ 8.12447511 -0.57933903 -0.14761683],116.4,8.125958902059121,0,6.111111111111111
8.289923351467404,-3.7280222145859523,[18.92758906 -0.23987964 -0.05995684],[ 7.78597895 -0.57740522 -0.15311347],-116.4,7.792923005339795,0,6.122222222222222
8.289923351467404,-3.7280222145859523,[19.0178227  -0.24683305 -0.0618648 ],[ 8.12102797 -0.62580691 -0.17171685],116.4,8.424670676280781,0,6.133333333333334
9.273826026194854,-3.6692607437165843,[19.11177534 -0.25436282 -0.06398754],[ 8.45573697 -0.67767957 -0.19104651],116.4,8.234728468634986,0,6.144444444444445
9.273826026194854,-3.6692607437165843,[19.20944282 -0.26250887 -0.06633096],[ 8.79007324 -0.73314455 -0.21090741],116.4,8.760148496157715,0,6.155555555555556
9.273826026194854,-3.6692607437165843,[19.30334327 -0.27066359 -0.06871007],[ 8.45104088 -0.73392468 -0.21412043],-116.4,8.403472314717849,0,6.166666666666667
9.156073256695008,-3.6188838617731838,[19.40095301 -0.27947461 -0.07130796],[ 8.78487632 -0.79299215 -0.23380947],116.4,9.020099088147893,0,6.177777777777778
9.156073256695008,-3.6188838617731838,[19.4947945  -0.2882819  -0.07391852],[ 8.44573465 -0.79265595 -0.23495049],-116.4,8.394930292626,0,6.188888888888889
9.156073256695008,-3.6188838617731838,[19.59233961 -0.29778176 -0.07674197],[ 8.77905943 -0.8549877  -0.25411055],116.4,8.59561533242397,0,6.2
9.33311514554301,-3.614940468811749,[19.6900567  -0.30765891 -0.0796728 ],[ 8.79453816 -0.88894323 -0.26377489],6.4641049388776715,8.901038223002917,0,6.211111111111111
9.33311514554301,-3.614940468811749,[19.78400433 -0.31750601 -0.08258159],[ 8.45528715 -0.88623926 -0.26179113],-116.4,8.636313327678787,0,6.222222222222222
9.33311514554301,-3.614940468811749,[19.88164664 -0.32809696 -0.08569168],[ 8.78780744 -0.95318511 -0.27990793],116.4,8.746482759410421,0,6.233333333333333
9.408279092554656,-3.5327925783272183,[19.97914667 -0.33904254 -0.08887656],[ 8.77500286 -0.98510196 -0.28663959],-3.1796719039533805,8.964546257321064,0,6.2444444444444445
9.408279092554656,-3.5327925783272183,[20.0728772  -0.34992164 -0.0920067 ],[ 8.43574765 -0.97911906 -0.28171232],-116.4,8.608279668593982,0,6.2555555555555555
9.408279092554656,-3.5327925783272183,[20.17029364 -0.36158781 -0.09532318],[ 8.76747941 -1.04995515 -0.29848323],116.4,9.027214444437282,0,6.266666666666667
9.600726002051394,-3.7963467807892814,[20.2639411  -0.3731602  -0.09856515],[ 8.42827141 -1.04151507 -0.29177725],-116.4,8.457941957514505,0,6.277777777777778
9.600726002051394,-3.7963467807892814,[20.36126832 -0.38554866 -0.10198646],[ 8.75944986 -1.11496154 -0.30791806],116.4,8.53241922654829,0,6.288888888888889
9.600726002051394,-3.7963467807892814,[20.45757139 -0.39817899 -0.10541938],[ 8.66727595 -1.1367301  -0.30896222],-30.543377628509816,8.717053027515394,0,6.3
9.095695483820279,-3.863711855310956,[20.55010702 -0.4106713  -0.10876006],[ 8.3282073  -1.12430733 -0.30066179],-116.4,8.424842007926863,0,6.311111111111111
9.095695483820279,-3.863711855310956,[20.6463134  -0.42401819 -0.11227398],[ 8.65857358 -1.20122074 -0.31625243],116.4,8.253367101956899,0,6.322222222222222
9.095695483820279,-3.863711855310956,[20.74618333 -0.43826151 -0.11596096],[ 8.98829413 -1.2818983  -0.33182787],116.4,9.421845730868878,0,6.333333333333333
9.816562500601416,-4.4285400381392135,[20.84228309 -0.45235557 -0.11954366],[ 8.64897809 -1.26846585 -0.32244347],-116.4,8.71062741912111,0,6.344444444444444
9.816562500601416,-4.4285400381392135,[20.94203826 -0.46738159 -0.12330238],[ 8.97796562 -1.35234169 -0.3382845 ],116.4,9.16438936120083,0,6.355555555555555
9.816562500601416,-4.4285400381392135,[21.03802277 -0.48224023 -0.12695987],[ 8.63860619 -1.33727736 -0.32917408],-116.4,8.750865638609207,0,6.366666666666666
9.09022425846268,-3.242462446766772,[21.130241   -0.49689289 -0.1305147 ],[ 8.2996404  -1.31873919 -0.31993492],-116.4,8.350242965046728,0,6.377777777777778
9.09022425846268,-3.242462446766772,[21.22610705 -0.51249755 -0.13424038],[ 8.62794494 -1.40441937 -0.33531143],116.4,8.846557514536695,0,6.388888888888889
9.09022425846268,-3.242462446766772,[21.31821042 -0.52785569 -0.13783868],[ 8.28930248 -1.38223307 -0.3238465 ],-116.4,8.482754818136245,0,6.4
9.197917331275235,-4.001327919865398,[21.41395622 -0.54418193 -0.14158944],[ 8.61712271 -1.46936173 -0.33756842],116.4,8.94416347409173,0,6.411111111111111
9.197917331275235,-4.001327919865398,[21.5059421  -0.56022874 -0.14520314],[ 8.27872904 -1.44421239 -0.32523292],-116.4,8.542232370938072,0,6.4222222222222225
9.197917331275235,-4.001327919865398,[21.60156275 -0.57727273 -0.14897042],[ 8.6058582  -1.53395967 -0.3390558 ],116.4,8.686573315179137,0,6.433333333333334
9.329496110044573,-4.0013906841880855,[21.69757357 -0.59476663 -0.15276415],[ 8.6409743  -1.57445105 -0.34143561],14.385664871811787,8.60362428390784,0,6.444444444444445
9.329496110044573,-4.0013906841880855,[21.79639913 -0.61316812 -0.15668054],[ 8.89429983 -1.65613376 -0.35247506],90.96116335011305,9.21509718762819,0,6.455555555555556
9.329496110044573,-4.0013906841880855,[21.89146403 -0.63126159 -0.16045893],[ 8.55584127 -1.62841206 -0.340055  ],-116.4,8.788577536322277,0,6.466666666666667
8.620137238391278,-3.442235394033991,[21.98277485 -0.64900461 -0.16409848],[ 8.2179733  -1.5968722  -0.32755974],-116.4,8.321200435517081,0,6.477777777777778
8.620137238391278,-3.442235394033991,[22.07770142 -0.6678103  -0.16788642],[ 8.54339219 -1.69251159 -0.34091447],116.4,8.579540363085863,0,6.488888888888889
8.620137238391278,-3.442235394033991,[22.16887831 -0.68622921 -0.17152366],[ 8.20591921 -1.65770201 -0.32735112],-116.4,8.389763699804853,0,6.5
9.13135557597333,-3.873758395618203,[22.26366468 -0.70572929 -0.175299  ],[ 8.53077333 -1.75500766 -0.33978126],116.4,9.076503600973219,0,6.511111111111111
9.13135557597333,-3.873758395618203,[22.35470512 -0.72481116 -0.1789205 ],[ 8.19363976 -1.71736816 -0.32593512],-116.4,8.415339897150128,0,6.522222222222222
9.13135557597333,-3.873758395618203,[22.44934711 -0.74500031 -0.18268121],[ 8.51777971 -1.81702351 -0.33846384],116.4,8.396826270392701,0,6.533333333333333
8.807845394479171,-4.0246007375659305,[22.54024634 -0.76474391 -0.18629022],[ 8.18093063 -1.77692433 -0.32481097],-116.4,8.565653500309294,0,6.544444444444444
8.807845394479171,-4.0246007375659305,[22.62752407 -0.78402822 -0.18975477],[ 7.85499517 -1.73558769 -0.31180889],-112.77655753883536,8.09567052904387,0,6.555555555555555
8.807845394479171,-4.0246007375659305,[22.71839624 -0.80443594 -0.19336325],[ 8.17849527 -1.8366946  -0.32476371],116.4,8.420646657896155,0,6.566666666666666
8.187059473380653,-3.6947304182284344,[22.8055356  -0.82433611 -0.19682656],[ 7.84254281 -1.79101535 -0.31169787],-116.4,7.914795349970659,0,6.5777777777777775
8.187059473380653,-3.6947304182284344,[22.89626146 -0.84538472 -0.20043349],[ 8.16532764 -1.89437496 -0.32462349],116.4,8.65434136121847,0,6.588888888888889
8.187059473380653,-3.6947304182284344,[22.98325889 -0.86589652 -0.20389173],[ 7.82976818 -1.84606175 -0.31124187],-116.4,8.080682604123043,0,6.6
8.71034062902635,-4.099948382168372,[23.07383535 -0.88757902 -0.20749027],[ 8.15188138 -1.9514256  -0.32386797],116.4,8.856739762942645,0,6.611111111111111
8.71034062902635,-4.099948382168372,[23.16068707 -0.90869924 -0.21094213],[ 7.81665528 -1.9008193  -0.31066749],-116.4,8.203531250887302,0,6.622222222222222
8.71034062902635,-4.099948382168372,[23.25110856 -0.93101919 -0.21453988],[ 8.13793407 -2.00879591 -0.32379795],116.4,8.352632065153657,0,6.633333333333334
